Area,Perimeter,Major_Axis_Length,Minor_Axis_Length,Eccentricity,Convex_Area,Extent,Class
12137.31454236473,359.52363519030064,140.48971863461745,90.91344395761254,0.7903273622238914,9378.886601863063,0.6520459768753822,Osmancik
11475.430682526623,372.6262767109276,139.04626896844184,80.90589153646157,0.7039557506562613,8110.53473214467,0.6522284183761256,Osmancik
12279.518669760158,374.4692228139236,154.18010087095354,86.2425999935952,0.7698070546403402,11856.30897572008,0.7173685120895377,Osmancik
9711.692382536463,379.51682018349135,145.91281551708167,92.86146514215953,0.7599011044213567,11039.906279590554,0.7688284907412868,Osmancik
12650.429489794557,468.7660131065575,198.3434501410099,122.31300146192632,0.8807070903866703,13194.729024105387,0.7270330836643429,Cammeo
12088.769654216672,387.2116738015923,136.11460057544076,83.4344117508248,0.7392839076481402,10286.403874228186,0.763480787524296,Osmancik
11435.975389500047,438.44336372129555,148.49790685940204,90.15614793316233,0.7477146375989049,14708.129377478383,0.7840661281642918,Osmancik
8512.191343464921,377.6275854535056,144.83628816054429,81.80097409065303,0.774539773914154,11352.60785176315,0.7159261670671327,Osmancik
11370.061115268956,400.13872584696355,135.3561517206723,90.8315295565636,0.7020341081882178,10654.173202317837,0.7904188357310202,Osmancik
13060.096049196516,492.92682335847655,207.8420573338696,90.44877420650647,0.8337345546769093,17173.506634278405,0.604866516907078,Cammeo
10603.77032189824,378.37914106341566,137.04189062662215,79.29132264074259,0.7621507311138084,13085.58235958086,0.6931819255002267,Osmancik
14104.456481885805,469.4245823243426,166.65127152010373,83.8486818409449,0.8377318053963193,15388.32769065439,0.6369987923708109,Cammeo
10449.884717063462,345.02952118624796,152.40551557696475,74.82464799109822,0.7215269045785834,8765.366870461636,0.7397459113544028,Osmancik
11329.10677871013,396.3200539560933,146.92463010898112,80.691410613627,0.7410932904962758,12051.656962667701,0.6888552716155021,Osmancik
14243.092969594732,445.69942309685865,178.66046391444527,87.32771784109954,0.7070460677666958,11887.628648612143,0.748567825859191,Osmancik
10849.75701120174,399.20943218058716,163.26999679553654,70.17585213681946,0.7618585149072116,10752.910191444498,0.6688703504519077,Osmancik
14136.220814301498,467.10804003733017,192.00311357173422,85.93682536328166,0.8428702020986434,14838.574942333622,0.6256404603631273,Cammeo
10271.922902144679,404.394811061005,146.60138353265722,68.40287969962905,0.7432437166716503,12239.842201232792,0.7641138962580426,Osmancik
10839.63991895517,369.3334337227378,159.19491570048612,88.0653455180712,0.7020121721853073,10424.329448507302,0.7826367760893431,Osmancik
13843.828334758779,502.61921500261406,187.19543045521831,90.12820472848816,0.8758776253757325,16492.07804208155,0.6824802844164308,Cammeo
10410.728348210694,404.6268089126016,160.8063969279791,91.38395639689789,0.7003830290500322,9204.561100588297,0.7080575017902331,Osmancik
14332.028959196023,403.69953221128713,178.69053116699985,116.15375689469442,0.8780376123570981,13205.439986772702,0.723543541612346,Cammeo
14597.597949494539,428.06811021846187,215.67562720213516,97.85078969711265,0.830293090564043,13678.94895208507,0.6540711757712331,Cammeo
12061.370964873133,405.4084339269329,130.82553438606195,72.23284825140709,0.7415107176854933,10480.315452650915,0.7131678356651123,Osmancik
14685.068612831801,468.44069868810476,171.34205146913072,111.07080669286972,0.8707721350267528,13674.028894526682,0.698723973644636,Cammeo
14760.702826781613,478.90389929652173,214.58675208166102,83.83689391563412,0.879314287399674,15407.274254300735,0.6642686855773193,Cammeo
13495.22561268157,423.113387032895,146.55616932709466,113.74876419148185,0.8457699605159295,16376.72160450946,0.7246423756582603,Cammeo
11225.761523111754,388.2052156941029,138.0668577384025,94.52868683818781,0.7096818730987218,11125.608538341898,0.7093617244771032,Osmancik
9880.453871616832,398.3504590393401,147.2243886848436,86.74927445405838,0.7090935449913041,11503.467632580472,0.6804490338786796,Osmancik
11582.737583173865,405.59706418586256,111.95489116946334,76.41337574221683,0.7738539039475908,10379.321610116454,0.76133015136817,Osmancik
12262.298790203211,471.56674575631274,151.69118297647069,112.65707840864701,0.81515950748001,16520.408546929208,0.6223874204612211,Cammeo
12522.962820279254,408.1968491174554,200.51759113466346,89.32467085745728,0.8413642674918635,13295.704531024,0.6154897513312573,Cammeo
10595.602576816038,401.38918945157894,161.31346216968092,89.83032416222315,0.7316468784061498,8542.77127240961,0.6918307889391447,Osmancik
12340.640322842797,482.9033112542463,198.88790423801774,92.55097355193551,0.8346524167952719,11730.26357625064,0.7276726103138973,Cammeo
14029.412209110731,452.922110900238,187.40580910114866,88.94295331514064,0.8422629197013609,15663.96205999138,0.7106926421096388,Cammeo
14069.8504621352,496.961080768276,193.35871201096992,105.13907849658915,0.8578298399420361,16108.669575089381,0.6531999307477624,Cammeo
9663.27456112407,400.8934688323357,136.12301019907372,83.11431004114665,0.743467814831647,10730.124078577437,0.7658360413839915,Osmancik
9206.10750213211,389.78865043558335,153.31920918613417,79.50388720240402,0.7636105634643618,11084.63620193456,0.7306240630509853,Osmancik
10916.282040150789,379.71363415327306,153.01579977885723,85.12558236766206,0.7085794284899489,9640.588434965857,0.7287711277654445,Osmancik
15170.654152546831,443.16062076718947,184.44078501870843,97.2887639895743,0.8276169557820899,13418.631129300422,0.6118409104419833,Cammeo
14748.943780462587,443.1925273161657,171.8545788573834,99.01411867715738,0.8497539852146102,17040.40466387537,0.6143041381909505,Cammeo
14355.34433247749,449.20500258826513,191.17952785474137,106.19154261005198,0.8048186012393297,14533.004946705134,0.6407449771911554,Cammeo
14990.499618785636,517.8791153741494,210.8531132352597,116.12220628255425,0.8866770354506001,14824.101174334248,0.7460700620035724,Cammeo
12252.842634427483,396.2860269078838,147.16900164825452,81.26592950438848,0.7629219193008292,11949.818769061358,0.7563015079948261,Osmancik
14755.554610308334,461.1902455798297,194.82546709294022,100.21311648671943,0.8251001383262301,14182.695384223538,0.6629441074210215,Cammeo
13279.739747409447,450.0992545779398,195.8997675909156,99.62963202951588,0.8848042089601484,15313.320213739802,0.6819687812592187,Cammeo
10083.67908092658,360.4338119783721,157.9952360645223,86.19564871730648,0.7408040461602816,11379.368560503937,0.6516005190509244,Osmancik
10271.727797593387,384.1115804583619,140.682010314084,92.74260819220163,0.7550545300619995,11119.333816464765,0.6753250409978855,Osmancik
13933.342761324058,437.4368547705309,201.02316679074727,100.97983153470895,0.8504795598304529,13298.194215431578,0.6122398080007257,Cammeo
11734.63754545933,378.8197324814408,146.28420343214327,89.1548699651031,0.749334158805238,9555.811722553448,0.7044783685574337,Osmancik
11678.931290059278,385.50177842762673,138.71521300218777,80.50526320518641,0.7999207298943442,11672.193186129556,0.6886543472283769,Osmancik
8913.522341628915,375.677678814216,138.70772759200347,108.34538844048075,0.7497566083388726,10352.845360617866,0.6587804900120076,Osmancik
13928.56957272584,464.88039258581443,191.14008087118617,107.42127491071892,0.8718331175372004,15839.754761311275,0.7208145064568968,Cammeo
11078.57702971915,348.12632393422547,152.72441374637867,91.96597315670722,0.7975087169707682,11280.315525290815,0.6695527519572188,Osmancik
12290.302176543852,482.82394674372637,222.13405537917797,90.40560763276521,0.8906111002132497,14852.943904073343,0.6188229445198726,Cammeo
13277.952065324724,485.543698351095,186.1393519386498,101.40886246911204,0.835781408411355,14201.792032711564,0.609924778325166,Cammeo
9614.012057601001,420.0489547562568,133.70978952189677,84.92124153079693,0.7799691862002791,13436.470154231929,0.6711302905926292,Osmancik
13443.898768625046,470.81827303119354,209.76091098451488,88.58310885866494,0.8076862075276164,13789.315890036554,0.6037457493175574,Cammeo
11759.281768889901,391.593264293735,194.6473106534054,97.40453322416083,0.8679620332735108,14491.522290201705,0.6347070954565271,Cammeo
11336.144963026229,386.03491933066886,155.06136089101045,78.86508769596358,0.7241244336038027,11891.545009405332,0.6981403157479161,Osmancik
15079.5198505199,458.4177938457338,203.78614724481653,96.80946064333382,0.8577122586038322,15483.825283983077,0.6347212820647947,Cammeo
15237.199426995141,473.50410648300806,181.7454226923187,97.73521108098473,0.87486452341262,14882.491367717541,0.7059369243832894,Cammeo
11196.131459023907,378.0030281360659,149.76151637558027,83.73355617592269,0.745963275435646,12242.411163617504,0.7758811929559188,Osmancik
18623.277788785665,527.8582547316015,216.2436511478041,90.25470695329359,0.8890141137396015,15305.624879755977,0.701373438765611,Cammeo
11212.574030632215,334.68619249557764,141.99781539658125,78.18090587140718,0.7398478762109214,11638.810892439074,0.7395084485159326,Osmancik
10908.600442490884,378.0841405156204,153.87822578949846,97.22998280432726,0.7767233394159223,10931.716713811047,0.7246803770771479,Osmancik
11145.521197768241,401.37459356178374,133.7167731636051,89.69809930771342,0.7226758617400516,10086.497180643597,0.748216362692639,Osmancik
10188.999136371156,344.432675247298,157.64789619627686,92.2636985090164,0.7490449096735949,12248.797833076687,0.7066695235864118,Osmancik
14433.674726610097,460.7367351675821,189.29619131681224,107.94264679621827,0.8842711902160555,15126.923638484854,0.6244186483809344,Cammeo
10095.931710264,398.078842577422,148.7128228102687,83.52916885472632,0.7223602548323671,11737.853038160189,0.6547991690216487,Osmancik
14209.493375398206,410.2138118675433,174.19876655239517,116.2467845846956,0.841650443190388,14942.066682939558,0.6449913104665533,Cammeo
12966.458958406083,432.7206300800881,192.76826954795555,107.08303847201064,0.8970676545409745,13850.35077100288,0.6000046078268073,Cammeo
11400.481386506328,394.1966169851738,141.93017284792396,86.1754823870935,0.7989279945106386,11332.373650845308,0.6670642938206824,Osmancik
8783.181160645936,387.3572626791278,139.22603920289245,88.1851781209803,0.763813990251627,11204.62875023697,0.7355996868471184,Osmancik
13292.762291666946,470.86315348781494,189.9089363269016,98.3986720443336,0.839245818622948,14935.575437809353,0.6035561630466777,Cammeo
13252.760576215287,393.56156265936033,157.70664110571275,113.40450446023145,0.8044911298995616,14107.340850663177,0.6903674162949882,Cammeo
11466.545311450127,410.1459351518716,128.6260990264124,93.77237694584203,0.791474932872766,10073.695593912344,0.6800509731644664,Osmancik
14236.233483042948,436.92432521907403,205.70647453918232,71.2773778671835,0.8682617221223403,13174.43635970025,0.700180186005122,Cammeo
11177.750106268031,439.6085180547685,150.38888416008163,84.70935513566127,0.7453416230624268,12238.52169955671,0.6681897340038705,Osmancik
13290.114333397005,440.8500551334609,189.86321505033695,105.08725023229934,0.8505957907734932,16227.613315396033,0.7181057937223909,Cammeo
10623.699275075003,382.8149423393475,134.00245974266633,93.48071791926932,0.7179651217955342,10678.067732686059,0.6886048187602452,Osmancik
13913.5878541036,378.4750185928858,170.5797778641864,100.66990717224871,0.8316270149729307,15149.590643393814,0.6558763397330198,Cammeo
14554.524169115924,397.19101120438177,192.12575370459857,86.79977488779294,0.8222075870693321,12897.719690800937,0.6334014118684628,Cammeo
15204.23947747043,419.6765475633038,207.41240181067778,105.159392177041,0.8101892388066014,15113.602952195057,0.7392945843173091,Cammeo
14388.99962298613,463.291359571017,180.85731696761076,97.88869761172306,0.8516698385226268,13436.042734275397,0.6562082955761065,Cammeo
10997.596159081146,354.7147999033566,142.8535807777937,85.6760411655429,0.7943774120344816,11911.535596810427,0.7480666884434235,Osmancik
9168.85512166165,372.0468725825686,149.7092059935637,73.23608359015,0.7592568182764827,11121.84970136454,0.6688910961571252,Osmancik
11496.199187363316,330.73536686348586,142.92801322287167,84.08158200992749,0.7037784506595679,9673.345163769085,0.6561467333374836,Osmancik
12857.702343537732,347.51318832622064,161.3425384153378,95.03470688605871,0.7867152151001122,11390.18769520719,0.6712766596425478,Osmancik
14949.995232755524,439.08559891386926,187.83868666417578,114.10932379746271,0.8476335733301099,14660.612004742257,0.7395597630253988,Cammeo
11451.325130828232,440.4224222992711,222.35962319898255,87.65651128120078,0.8590637833994638,13861.500128715265,0.7299152318066752,Cammeo
15146.170784601485,474.08221586057186,215.53322416952858,112.61921500713991,0.8871414034190854,12981.886583351685,0.6865321801966813,Cammeo
11338.552876285914,348.34372338506364,144.91681701926188,89.05616217708285,0.7098546851412942,11664.812433838339,0.6954829320077887,Osmancik
13417.563742605076,445.45551151144576,177.46979420110364,107.09451817139039,0.8529659723945621,15346.978588741358,0.6252305483649777,Cammeo
11051.66097685108,371.01359175345624,143.15231483759865,83.36098668908227,0.7436046974118579,11962.838294776175,0.6920694836306979,Osmancik
15954.33865468555,419.15068731477146,186.2696331072468,102.53739661494573,0.8546430316077848,15736.884060175513,0.6497957257103768,Cammeo
11879.417041137403,341.5233963776858,128.14696716846603,83.63691387689443,0.7446772158839606,13140.786074185284,0.7378794575791883,Osmancik
13364.287755479554,493.21343266176984,186.11436781268947,91.7240977935128,0.8966047505128677,13712.380933013439,0.6995285390870178,Cammeo
12564.552051103195,446.95905871328637,163.9042933183285,108.8404539636105,0.8003819922658584,16433.420001936705,0.7251857685383442,Cammeo
11782.13000153146,388.12081268018295,136.8943008788552,88.2018868442142,0.7504263460793031,12567.912913587861,0.7692609321771746,Osmancik
11511.49957536186,328.04750861231037,160.28042976291067,79.7410195680422,0.7262510290483165,10488.882106152245,0.7176479753972516,Osmancik
15770.427460339462,437.78091523358984,162.9702934362997,117.75310892609511,0.8037571090398907,15225.581368874058,0.6085020648248753,Cammeo
12012.637409644072,391.36474428992256,150.97534106467438,87.88314716014465,0.7410023786741743,13871.61051992713,0.7725316978840675,Osmancik
15520.293379023948,479.73271603523557,215.08858580256555,98.62551485372308,0.8521459638721472,14520.303834134484,0.7448620814729621,Cammeo
10167.938695150144,364.6517568421951,120.02326779008473,86.26379449801162,0.7965770443884288,11450.421312139153,0.720269185563063,Osmancik
11425.843658629828,379.607204819793,165.06484331351876,89.6991335984481,0.7511525640809493,8621.156435038823,0.6742456540676888,Osmancik
12589.838978180684,421.0826295313877,159.05679957681372,89.70284710510188,0.7570187215799804,10807.242527705028,0.7324433451659053,Osmancik
10840.637767854094,379.5809313312647,150.40809715473776,94.62061204180182,0.7219059173059883,9699.439934400392,0.6526936795625227,Osmancik
13705.534260796556,353.9612076642795,198.9213151249793,108.40620026504553,0.8646458741637931,13181.9352620197,0.6700039681326613,Cammeo
10684.91326880589,375.1236548396955,147.62165188344335,81.57076378466773,0.7066991094395847,9597.418288060066,0.7504118096380465,Osmancik
11532.006198821942,391.04141246257683,142.43970024559326,79.08777073581413,0.7089339902291867,11184.535521680014,0.7115784176527142,Osmancik
10280.890548550813,366.634888715387,161.2497299100831,89.0134803613503,0.7805905842533442,11870.672319196894,0.7735702624880807,Osmancik
11823.279915677706,381.2472410322439,154.61042486407075,88.33972071857036,0.7749725746783543,11793.333999616085,0.7407652433355726,Osmancik
12259.2332397868,427.0425574213439,149.902641580659,84.07912244861409,0.7350642691457147,10423.17507715252,0.7926412027798752,Osmancik
15098.482541242489,441.6255640183902,205.45425181047764,101.76441555277225,0.8713046050634319,12759.812460359777,0.6010316943329473,Cammeo
13676.71179866653,402.07944398335025,202.90710232539618,95.34689543219946,0.8437661328148204,14431.87421424929,0.710122688856247,Cammeo
13731.84465760898,411.1148876443222,175.15557795144494,88.20960208840198,0.8057844449447161,16403.43041037817,0.6713394287733012,Cammeo
11103.438129308106,364.91813543699925,132.03290825785626,81.7001679048965,0.7859747805685067,9674.62635238861,0.6767943315131449,Osmancik
13086.047049537114,364.30505287772405,155.9364678453004,90.27560992890889,0.7827581217480702,10922.473480472658,0.651380134643807,Osmancik
14428.418583158056,416.7577383836695,191.2274403782135,102.1319662823769,0.8918426432145409,15110.047866751083,0.7462035894072827,Cammeo
12029.457481598358,343.715903452713,157.82767381932277,87.47915823504508,0.7335609244240902,10898.191055975727,0.7806915482181737,Osmancik
15642.357869038819,399.072523808649,160.50465115935998,90.80615408413577,0.8734443932075592,14979.353091512776,0.7120617400693543,Cammeo
10786.543220649562,375.86208777892443,138.50917253981746,90.46578411831047,0.7199571615895939,9649.475795920698,0.6902414030680335,Osmancik
12887.6834341063,436.97448695048905,198.37490368782585,116.39964529371393,0.847690010646797,15164.029715085873,0.7006639735628964,Cammeo
14223.745177723313,499.30763935782056,181.6961763743801,89.32197078420806,0.8241977130317045,13876.659142380984,0.7236707276406824,Cammeo
10851.030690232703,401.39302908122687,156.03902477699407,78.929877936517,0.7074074907210447,11242.244424607483,0.7091125472765049,Osmancik
9312.655652889289,366.31984482840977,140.10465299478287,78.39110406628366,0.7870024925520166,9808.432620654039,0.711936678438382,Osmancik
14803.607058596046,417.1966093469539,180.22964659312257,96.30389663956366,0.8396553681989963,16613.746589970684,0.6261970778844494,Cammeo
9885.953549838006,311.0780958951281,169.395600512663,85.98783847331676,0.7119746788500532,9435.529217631725,0.6975026534025389,Osmancik
10184.624371683878,378.3495918509653,143.2032649054233,87.67550811878817,0.715737158334991,12373.284715436175,0.7801031958673037,Osmancik
10035.462205089809,397.290141661632,174.50483583513457,88.45773352607404,0.7805093376799527,9514.279217064632,0.7795237175694227,Osmancik
11764.029781572859,443.96175055053936,141.2043732105149,84.88583717640489,0.7448632591617734,12360.317965361128,0.7595771981039491,Osmancik
12502.66018164218,431.8729429949645,168.7942825464253,91.56753404683809,0.8162699743808566,15657.321751087462,0.6398892675948178,Cammeo
10240.296882519713,357.6079103617245,150.2325748523763,90.59135748064631,0.7771224815290404,10627.064396544956,0.7161844503637576,Osmancik
11361.661061247016,330.9448735968584,158.78346603011815,90.21864270541344,0.743778147729962,11974.06981574162,0.6847023069800225,Osmancik
15117.536142939438,443.5249213551013,179.92564948092922,103.67365506816178,0.8317586795261117,14195.269859588781,0.6934034311424696,Cammeo
14949.238336451655,428.38102178218753,206.58288899436977,101.13270410537764,0.8738597458132331,15213.548985912574,0.6985545747351161,Cammeo
14910.76306459192,504.1320752806609,208.71613109010602,99.0946671769584,0.8447673425410419,11632.76412577121,0.7240953224605868,Cammeo
14133.10710765184,387.80471597341926,196.5448550451105,110.88748619704185,0.8476436986343792,14942.765981320646,0.6355399987359973,Cammeo
13957.008753068058,473.0770949505665,191.15232836590383,102.9355793216663,0.8788932471776008,15629.902883706056,0.6225708406508996,Cammeo
12225.773611559087,361.13421999490845,187.4105905008877,93.97787939638219,0.8552500967407889,14329.085625626833,0.6476324550386382,Cammeo
13216.004920911546,429.7846827058671,178.45040153412037,105.01094169939844,0.8593560935378787,15017.30516493085,0.6726030858764106,Cammeo
10643.326865820129,400.8194367430738,135.66972718689252,78.21547521575593,0.7483066245193303,12087.042406446433,0.6707978793669955,Osmancik
14794.556809425256,406.58622565159595,187.71295245429184,99.16894427371305,0.8029169763645265,13799.50558694944,0.6627217182244199,Cammeo
11872.31538002845,385.18106641423515,130.4239786749951,74.8113156112272,0.7765106591633131,13926.764476077205,0.6788872448687792,Osmancik
12218.194711754257,428.52287381844354,161.4156749315938,89.44817677473833,0.7959024175972966,11195.377187529157,0.653664032441095,Osmancik
12239.58400644156,424.1866660807641,144.48411873272403,85.67614780652262,0.7345620168900789,10201.71506183561,0.7308471311675181,Osmancik
12559.64431153307,480.70636081876495,180.26083682400989,90.72646865809426,0.8569539779567104,14747.826268644532,0.7372591098775834,Cammeo
10176.064513028,344.99334415659195,147.40847375579722,93.23015193138784,0.7250482946749763,10201.86254717984,0.7301330614896872,Osmancik
14714.188430524297,516.3738976074231,197.94539131535097,100.76851882958768,0.8353050391600303,12680.901972757476,0.6639181856928346,Cammeo
10922.778954776955,396.72704233605873,136.96734501458297,87.44194501225083,0.7089009734896008,10373.996204945033,0.7455571330255442,Osmancik
12570.435803356822,467.9233904307142,204.7264823048739,89.9345743472036,0.8120207229120576,12438.221694090655,0.6538813120474035,Cammeo
9031.076857583917,421.06330249250834,153.53965746850585,75.92935714554916,0.7051966098131179,10891.043087324162,0.6801704813885566,Osmancik
11889.512616292262,457.3699895570805,185.8478005016662,119.58347454220593,0.8011417983454074,15598.705362539618,0.6908995450906538,Cammeo
10893.662997468686,335.88411622312907,151.34158989844065,75.408388816049,0.7945122448744887,9908.215750006264,0.754404711048367,Osmancik
13160.329390408897,467.8608467880588,186.8646511407096,105.21122428379338,0.8548858665077356,16083.346897997226,0.6440030132161515,Cammeo
13757.368817079327,424.21570791121985,197.12047349319928,108.95038314076116,0.8038929963325668,15918.274552741757,0.6060387004513847,Cammeo
9715.415734300032,395.7473218858227,156.1687506290973,74.00932140081072,0.7931731424753825,10532.509205711931,0.7109123198839656,Osmancik
13424.990914585653,471.59099427585653,201.57548065972517,99.78632705651565,0.8706976487455717,14412.668222935838,0.6664197204815606,Cammeo
11373.348559711398,381.94062740070774,143.21308358551212,84.26434573916588,0.7623172424532187,11675.337426741236,0.6523757106417312,Osmancik
12807.196643637884,345.69225217404295,151.6240601747075,86.86294469941518,0.7315935822385636,10949.269008955796,0.6619382221058064,Osmancik
11313.132140013155,377.5469913310989,157.01176999722372,93.56864400322245,0.7359824900636567,9561.335665109915,0.7857982742564135,Osmancik
12384.532047593906,403.8745087220056,139.86811155380315,86.90843963018992,0.7619121400046697,11008.238705482778,0.7636203576084655,Osmancik
11444.198327290673,354.61892635102146,151.2298157058985,74.67550862443025,0.7159394884771402,11337.090960391159,0.7597557909084728,Osmancik
10964.992389993764,399.3495856801434,166.66829235555315,81.74031914166719,0.7483796896582796,11376.270877886882,0.6810923783824604,Osmancik
10888.491172857057,406.1288970884964,139.4608409661184,79.08183068821626,0.7627958735342908,9949.552039098337,0.6814278836468799,Osmancik
14975.434542606752,461.1327350452184,194.01088471107855,110.76007138598598,0.8787549085858779,13178.311932850553,0.7389695696934278,Cammeo
11131.927966771957,333.3105212371154,155.0121690268728,93.95395934051277,0.7191105622691145,10605.419269768498,0.7426590386092692,Osmancik
15566.574568585194,501.2737815787454,190.1552892976507,97.31469352094167,0.8950459170575296,14688.354183025958,0.6412858771555512,Cammeo
13738.782556127335,452.52513423354566,189.62459561882284,95.1693894831656,0.8036018818291427,17115.951579410994,0.688252833147473,Cammeo
15839.286695603094,399.37023540011074,198.68937249401634,108.10808273159782,0.8303942512255028,14303.910974963295,0.634499063094486,Cammeo
15343.489893721493,490.4165862457719,183.43812549514885,104.07052287124534,0.8641734397298558,15095.90271461693,0.6485295618728237,Cammeo
11697.47454164115,486.1746262541623,187.1397639885498,97.08188731084456,0.8211994054698658,14069.299101861681,0.6246608293618318,Cammeo
12303.507931934759,330.1340465864478,146.96684093884576,80.61675756634452,0.7770437802792337,9578.915659930615,0.762011496169724,Osmancik
13224.112538908968,520.1359320706861,168.7245140060045,107.25095786847997,0.8277852776089712,14879.850546824286,0.7377596313122337,Cammeo
14482.054066518729,531.8351069238208,175.40396588677666,82.51468026761819,0.8001473822086311,13912.842680992491,0.6360797377770223,Cammeo
12176.756040855184,422.02404444672226,208.41503488709938,105.11202599524981,0.8943701592820221,14018.339471832962,0.6009568565109886,Cammeo
14929.560864115205,488.01239517635963,189.16346383513442,113.14914453584048,0.8161671436236962,16475.0691007343,0.6518709147615638,Cammeo
13124.77140301696,409.00983074322176,152.51364100377327,77.0512838752477,0.7946902899460517,12054.443600469262,0.7667557856818237,Osmancik
13052.972024501663,371.6584425783412,153.46473603611804,73.88561015831208,0.730336428221417,10206.20942780604,0.7045588281703526,Osmancik
15827.748892723588,419.9351996042034,213.13164928851813,103.51448207541583,0.8113303504727465,13815.877786527353,0.7068205568820908,Cammeo
10612.300083591439,381.6002009437656,155.7689349572158,81.91461895217722,0.7909586695053777,11694.178962183603,0.7862656321808398,Osmancik
14220.010406886022,468.95151806555594,205.59857031094114,97.90778126255472,0.8901940196749151,14244.593441543473,0.7482631490945222,Cammeo
12100.821398422606,363.21637453524346,134.31156261322843,82.89802601850796,0.7857029028330578,10860.110010879753,0.7243480881324871,Osmancik
11046.93490206037,396.22810054201875,159.26155412682795,84.44293237359913,0.7586767907844592,10352.559462333182,0.6947675991721641,Osmancik
13613.52618055319,462.9327186875362,171.58588277294513,104.23599065593461,0.8019327630917601,13029.84503407631,0.6988076458090533,Cammeo
12796.964762434629,437.17014825002093,151.13436561782635,93.29379790923355,0.8416565828482293,13003.681691294641,0.6290153014434724,Cammeo
13518.535433736997,444.49193760256065,187.62205640459544,83.37508011964326,0.8966845499799285,13514.233310446132,0.7239097026822429,Cammeo
11995.58151400203,318.2413138706093,162.08588640716002,99.27820031348077,0.7282667360541158,11828.645434270484,0.7013712828779457,Osmancik
13067.906338163551,382.20599577697465,159.16632421960108,81.4779263649088,0.77663040711189,10091.05077328964,0.7377792178089281,Osmancik
11496.873590507597,446.0645352163156,152.5272100715717,81.56921659515142,0.7866855213027066,11907.160685265011,0.7264603265005906,Osmancik
12081.984809249941,430.69750157483946,155.87105442091593,85.36863377306521,0.7078536242792798,10012.691222963547,0.7077438083956336,Osmancik
13272.434720446881,391.8025798384549,143.3629221970304,81.32188307335619,0.7909443664036632,11180.07423804019,0.7158007545204573,Osmancik
12628.435642603252,452.60391454228045,210.46210644960766,101.79581781939598,0.814696270958821,13905.507848387173,0.6825995069161277,Cammeo
14781.669501566957,475.9654445740828,203.42386565416663,108.47421677150422,0.8007841590771917,14260.117035047395,0.6272668300826043,Cammeo
14144.354758054278,485.81936724564304,185.15980241736796,88.06074993600944,0.8728981061655817,14738.984871219256,0.6188932794569038,Cammeo
14090.965469832472,419.8343693299173,186.79835693604687,109.53136633913245,0.8331564699067194,17051.363347690032,0.6125287372020028,Cammeo
14618.057223567257,376.72282368465113,168.9609209230046,98.67366253617426,0.8469988268157937,12060.481482145564,0.661975877581158,Cammeo
10197.175556049158,407.4771395642642,159.8391030316228,75.24572426782245,0.711054316630858,13608.043622001422,0.7461509085981052,Osmancik
14110.112931842603,400.85655016880634,212.51139685951466,92.65408423201951,0.8089289524525574,15894.871462095816,0.6992870448955517,Cammeo
13649.967500248067,423.82733499582366,174.65811152202392,88.80382566710989,0.8603493096043379,16020.466990156105,0.6580983776962971,Cammeo
9985.240506814147,392.9301113024501,154.60122037684374,78.56841268218015,0.7427669085824169,9005.628317204495,0.7440887600953968,Osmancik
9939.394933603398,392.6009309824319,156.53064422808416,68.3128169781333,0.7465486972439699,10640.196466691232,0.7115757232022535,Osmancik
9657.872251514886,378.07326703524836,142.25313513557526,85.74383397223528,0.7994564256684525,11046.354961624025,0.7733971890790834,Osmancik
11692.85575581781,438.889263933384,150.67036727813397,83.9265583145846,0.7603803078843754,10946.725057423728,0.7064467725432497,Osmancik
9317.341305877315,367.8188577762289,161.9333685061069,80.13595085650141,0.7729240249097569,11989.078139699339,0.7910595550918317,Osmancik
14495.337112323798,464.25720910767586,226.59628609508908,99.77131937701118,0.8371739294906331,14504.38815857631,0.6492269224196417,Cammeo
10428.253958043939,422.9190056263113,156.1218896269822,93.23552444741632,0.7028191340447222,11590.680239968073,0.6824203718466382,Osmancik
14646.692052421591,448.7559882845618,220.09139332238684,110.70150238316427,0.8403601002361591,16304.839111670983,0.6534894263979308,Cammeo
13049.812095785926,430.5321867723942,169.62079673433024,86.98660114012706,0.7279673856546443,12249.881066773673,0.6654720141317542,Osmancik
15627.488034284988,443.6769850791379,173.20495158060785,97.18672442881787,0.8740904056152071,14811.22585069599,0.6278599608007778,Cammeo
15568.571305138914,526.7608610115757,210.6356021996743,114.12220555415429,0.8404289747254869,13305.707535068077,0.6851961445974121,Cammeo
10163.07929620372,360.9076884109598,156.9357422836747,91.1660016769503,0.7191277371037397,12112.060953897779,0.7434111914566217,Osmancik
10209.100618332446,397.2937037553868,146.95588706949144,86.61322324103404,0.7865645036372733,9960.855827153353,0.6771875383327328,Osmancik
10902.084753557096,412.82539962934436,143.2613070440325,93.97899374962527,0.7085408482808265,9458.083593501431,0.6829584125165595,Osmancik
12923.294754217002,423.2539221406321,208.28142777545975,102.33216131263502,0.8186135897753348,16426.16242320138,0.7306032683186159,Cammeo
11140.98269961206,372.0907713983678,156.62263166186585,85.6626605641448,0.790841010726857,11502.739970485914,0.6911017670578321,Osmancik
14485.978053153147,403.7335561260711,166.6615653069456,110.01046092567141,0.8622343264617246,14216.540335989914,0.6462702422234226,Cammeo
10149.464721252956,400.7842739264138,157.98442722039397,69.35960983745373,0.7592482993901597,10315.029242982455,0.7322032245843703,Osmancik
12530.195198863352,406.59447469137626,155.04839557222175,83.23166029170359,0.7806707807745061,10400.851052144226,0.6907072092619377,Osmancik
14140.79285997054,447.63311506125444,176.52298027313444,84.1586405699451,0.8918239086675437,12794.115048539172,0.6874878588468835,Cammeo
12712.040284017892,360.4502062254895,142.93065440662647,85.07026923918518,0.7210276177901861,10316.879379007914,0.7922981121354487,Osmancik
10551.77538369985,357.25124483522694,145.1173770659475,73.13612454414066,0.7699312921155304,11057.874895619689,0.6822281909637498,Osmancik
11884.35181356472,435.8405925313672,210.70137031221176,112.26933223884308,0.8496695422817947,16295.890302297632,0.6416197019587431,Cammeo
10935.311394967483,384.7386463230393,159.87339337000802,89.39746549032208,0.7648102127261072,10380.74209447796,0.7024843195471099,Osmancik
14777.22624572083,404.05729704723433,190.89445554880263,91.81801116577692,0.834882053396948,14391.53063927253,0.6764781014325686,Cammeo
9451.039474946525,388.6532090963239,164.6433947570126,78.2346151640471,0.7933455105249853,11734.03798403264,0.7910269752093863,Osmancik
14373.089078717605,435.07437894300944,172.4483046091096,93.53772690156197,0.8425228185437694,14556.569069236506,0.7019545825250018,Cammeo
11178.694716810476,364.6092084033908,167.65241628980525,83.39488560939654,0.7689279321225837,13178.062790515145,0.7695421256023469,Osmancik
10638.537233306015,352.06504779135105,145.08829831085134,87.45876493366376,0.7596063931100595,12371.098853937605,0.6974563111081524,Osmancik
13434.754033258012,466.65808832852224,204.24331203161987,101.598563919974,0.8771122815851887,14064.320884477112,0.7140241394685238,Cammeo
10217.996507488962,349.2427795422758,157.74705254609032,75.40219787927829,0.7780084023734966,13037.381680864346,0.6809110669905764,Osmancik
12853.35147127949,477.0183024713986,184.4075027186235,86.2038183521107,0.863228215363764,13739.99695014564,0.683486764275323,Cammeo
11077.156496217716,356.78529549592645,129.9252731842611,86.19101443134153,0.7285186596010048,11703.421048681483,0.7704699633404369,Osmancik
12730.74688525292,411.55935200950177,199.70793909554112,98.52397413701331,0.8888659080265399,15168.531182823186,0.6787103456492148,Cammeo
16222.733821410726,393.5391975092416,164.97123889183615,82.31560634437149,0.8647817445990529,14443.479965241979,0.6028733228326879,Cammeo
14259.75030749837,420.86508889539874,169.45295530631384,96.50683203881802,0.8209185465407928,16333.596888764556,0.6604815949775734,Cammeo
11521.279905013815,416.76202799195164,155.94966025233086,78.26053895898939,0.7103959375912389,11338.288294549815,0.7539814313328302,Osmancik
14256.912492956244,416.75746689600413,180.9794853407318,108.71297297457244,0.8365680748261372,15925.410003954148,0.6626500493725492,Cammeo
13187.405946185467,429.2880973958349,212.36089205274928,102.87124165201824,0.8855030201619936,14504.804373402201,0.6316688913837056,Cammeo
15827.63582768963,482.51876946762286,180.29594833441638,99.96625542589048,0.8110998098791316,12615.461214391911,0.6751913466938594,Cammeo
12346.79675845149,397.73483305904386,190.73290105488556,104.09818656928512,0.8259904979242834,13711.289616805114,0.6560186917699058,Cammeo
12276.965386088188,397.7159691106778,132.19132002090797,84.08287331594886,0.7378955909812508,10679.384202153466,0.6600860951078055,Osmancik
10361.717273471506,329.77629417764973,171.8465268953018,93.29727118926594,0.7470705947315938,10648.535070705904,0.7900423066752642,Osmancik
15533.19787494611,468.8853508653485,190.42271736053692,102.67126651011483,0.8101803682949538,15308.690987397864,0.6016953804883534,Cammeo
13910.6649010806,519.8417724595673,218.7104703080018,97.47646497873713,0.8850348001119895,15758.64005869272,0.6650765884282867,Cammeo
12580.08978480107,437.7920189322721,194.6111004671365,87.70450405547584,0.8703699779629052,14436.433661483663,0.7274169609338603,Cammeo
13641.191179440959,490.83460775547866,183.57827258551131,111.64739354457171,0.8964078416490109,14227.89203454683,0.67064403786521,Cammeo
13029.807676528175,467.2746502023398,195.7290317834733,104.28816500330574,0.800436326965031,14199.8737140018,0.7135572172047938,Cammeo
13817.8578859573,493.35688618195616,162.45691940345054,96.90790922950137,0.8397836625502157,14623.9474592737,0.6150368345584315,Cammeo
15773.47285368982,485.3112746442514,185.17547423173926,89.84178181021603,0.8632711878748601,14894.964174286339,0.7356539662490785,Cammeo
10447.079162632697,417.88229954372446,159.5604231248489,90.79309247451597,0.7501441473697911,12258.676824696728,0.7242474192068692,Osmancik
12074.318012715561,398.91732820140373,135.249796826395,97.86062645119608,0.7827924954545312,13559.200559095256,0.6863275168390652,Osmancik
9856.98068792627,375.47478146253786,155.7631260168711,81.6829847954251,0.7432767081708194,11498.07814146558,0.6646428140802724,Osmancik
13862.552185696859,508.26035866033425,208.0062086191664,105.60919447941238,0.8513854464206768,15273.538305586235,0.7227570637169303,Cammeo
16510.86473082255,445.48645758241366,197.29752465739304,93.4999741917654,0.8946456513150406,11769.965540052888,0.7208473208045013,Cammeo
10054.493120057268,396.36280059222526,151.5152128348088,69.40502595742062,0.754508341285989,11114.914952063704,0.7241017505898959,Osmancik
11872.197000072978,318.39210389412983,147.70953336536184,70.22741561756466,0.7261671366637507,10958.569909484679,0.699942537044356,Osmancik
12065.171965714386,397.3097167110814,138.08560798697346,82.35380083181558,0.7720333369165994,11121.025928273999,0.7882186604324796,Osmancik
13719.035651660983,440.51498464941216,195.90228078132625,95.46771950672725,0.8947688025964471,13194.855416294053,0.6052367328984336,Cammeo
10466.399693560834,408.9998047821372,149.16561256509277,83.86776290129723,0.7411946548612264,8525.494290763254,0.7327743100301253,Osmancik
13734.836480560132,517.6046886179789,198.82867606630916,100.8958068125525,0.8352958503452357,14200.317987265675,0.7350396166803106,Cammeo
14313.266326615867,420.8494513687077,160.0269897320184,120.574954697117,0.8360050465900979,12004.424896943046,0.6285914749611674,Cammeo
15958.893564717962,458.60046038012155,188.3316090797695,121.70942717497813,0.8565085312452757,14723.39114173159,0.7485498455690472,Cammeo
13653.609633295835,478.85662225545616,195.8770600810382,97.49953485401048,0.8054634420000972,14234.187412718042,0.6389742206910449,Cammeo
11258.661147855388,401.65127187690507,133.28717433399603,84.00571378270051,0.780265624415222,12202.255638136583,0.7515955938947212,Osmancik
10168.045082505549,379.106500165333,135.87645464676038,85.33029964469951,0.7429447897078703,11671.751109559527,0.6690404086511265,Osmancik
12992.333789383069,561.0772970349449,200.16888807008903,109.64851633097457,0.8754248259682081,14270.193587949483,0.6989134443122996,Cammeo
13046.862195719557,367.89689592157134,160.5140300062948,78.4117202349932,0.7709785050223973,11037.942957438821,0.6557887342907202,Osmancik
13280.728825467173,438.7652490831872,182.68132887781445,116.15582823548232,0.8393195201027923,12486.796211477129,0.6866710575376627,Cammeo
13990.432830420059,468.3353123179021,181.7221278116133,108.00409525227683,0.8067502546683822,13711.075268785673,0.7093408800157736,Cammeo
15371.387377418025,479.24036926946854,193.0164857007245,95.73642403794457,0.8136600903651173,15126.42588023404,0.7231471525948712,Cammeo
12191.707497107065,444.4022309554627,160.33723830759365,84.00090491719946,0.730984711675328,11934.096479634665,0.7383997467421592,Osmancik
12486.939254797946,423.07067015556385,194.96320348321686,72.96767707000762,0.8981177836762295,13398.07589279519,0.6859563300928524,Cammeo
10062.0744234636,341.9918668648887,133.6125911497182,84.54083707940771,0.7232078577866164,10148.12667444071,0.754698570724669,Osmancik
14651.072052303158,426.7619953435585,181.97147182659148,114.77530081055262,0.8299565677953874,14729.867133781217,0.6241019377067768,Cammeo
12939.37107655864,473.0453208896847,189.7054330160998,89.99668675394425,0.8622413641565997,13459.94986628306,0.6992666598707458,Cammeo
12190.548594343596,395.2660868873579,152.1142778700323,95.9913150816916,0.7303503909147953,10380.29916275841,0.7653875838862381,Osmancik
14428.535085814096,443.38848344396797,184.76113443522357,111.48637349428715,0.8387648805455648,12704.642015900092,0.6866836669041132,Cammeo
10243.236022984074,398.3780351464958,170.62848735410185,93.37529435590511,0.7601686608620465,12190.553879569074,0.6957821795193289,Osmancik
12953.259137526567,368.14615134958973,175.17527206958917,71.5226593821889,0.7287257694877067,10935.425491590348,0.6867199809502589,Osmancik
11286.955854301708,393.3942137115907,147.34156082899514,85.80632858115845,0.7303208193759675,12646.241510396852,0.6500364401651769,Osmancik
15022.920001755469,500.5748026007252,214.42594934692806,117.10613372581925,0.8196925704453428,15102.14023384786,0.7249394573361342,Cammeo
13750.25329957127,477.1847287653034,195.82867906796446,81.24827530354256,0.8761007923495392,14071.71787774878,0.6244528670722329,Cammeo
15362.678768216718,456.1314755251843,179.6064220330614,98.79618836046401,0.8062203226164704,12953.43334318253,0.6105162209461885,Cammeo
12935.15404006023,390.85372743549476,170.12852505366587,84.6082797531324,0.7052347178431313,10382.396666394114,0.6651129265939365,Osmancik
13007.322867737212,485.31727271022044,192.75039879668734,102.6032183877122,0.8226125331249672,16544.925642779315,0.7343534916399925,Cammeo
12728.943773733257,469.73357797290765,190.31907365104092,99.48606276411513,0.83097878592091,12528.364685752971,0.6075625160403314,Cammeo
12706.706266484833,473.90326821446683,187.79496997557268,108.08057798281145,0.843281600220947,16392.569018790797,0.7401456171251235,Cammeo
9800.302471634692,398.29744516773144,169.1120399793946,89.80170372595423,0.7669053515316948,11174.08039102125,0.7097130767354347,Osmancik
10377.965194445618,348.79791333090753,149.02899194804775,108.48526321862222,0.7486442387141874,12204.58551798533,0.7280983030601168,Osmancik
9729.938911287967,376.6216885841652,141.00770772692667,86.60676074492568,0.7842534508351802,12236.236508218262,0.6924944791996553,Osmancik
11554.057771115908,387.4179092162732,154.36764757023286,59.58636949443199,0.7072736261777196,11350.607025409976,0.6642584805248847,Osmancik
13865.206340371005,456.41057222851094,181.29214825292917,105.55604466003449,0.8306776599522142,13566.705442028118,0.7046749178257755,Cammeo
13869.487821851772,521.9002080532025,191.7937055262123,107.93488720552213,0.823041666211735,14403.868164709089,0.6616955958099346,Cammeo
13363.398622867368,458.39368197422624,172.06175406947224,98.0509171964732,0.873269905059028,13809.421417010122,0.7019449773592715,Cammeo
8867.404373845164,334.21989685019827,154.28367311120311,88.19454081375305,0.7879462693511893,12469.139062336539,0.6532979783058985,Osmancik
15270.109384219506,522.6209611693736,186.6811956462134,111.00959634998571,0.8838997327718011,14137.451587604017,0.619646061449126,Cammeo
14920.92167498349,425.44036921280735,199.52757702522953,109.5530520857051,0.8955115207291702,14590.147638147126,0.6657267919872517,Cammeo
13142.77829836836,462.36873736057953,205.1472563401395,97.0459858986097,0.8016947664889581,13765.793794577776,0.6920955459487849,Cammeo
13320.04072201726,354.4790832533232,145.9613689214619,82.76394029362773,0.780726164932625,10160.242070827284,0.6512677244093691,Osmancik
14460.87853872717,408.78782405316423,199.9432190300112,103.08050539504102,0.8718453947322551,16531.755399060658,0.6387887386702176,Cammeo
12072.264415690914,421.3209542748315,215.9044577685011,93.73282775410034,0.8198992138959437,14459.623387267828,0.651409638814186,Cammeo
13701.243021825112,465.31878696587506,184.52570905685673,89.27256974260193,0.8380517709869895,16882.324156522962,0.7038531459231622,Cammeo
11640.542935074773,433.8658781615291,137.9327834917264,90.67482011564253,0.7842554501465182,9466.560252531883,0.6797814288302303,Osmancik
12069.771454983851,402.591168250718,144.13828703867568,88.32669469028849,0.7626259274662427,10921.492168911434,0.7133668685046319,Osmancik
15170.1436801013,458.61260450452875,192.23001185803167,93.87562625359563,0.8207075809210855,15814.901946030863,0.7128702506379742,Cammeo
10406.188591931295,379.034821890442,154.850554383328,94.45254173135316,0.7792840045273527,10877.737784536139,0.6566218343131184,Osmancik
11281.009250281806,413.93531339687297,154.91563342420793,83.5976437607679,0.7534036113204656,10315.11018897488,0.7637605509551305,Osmancik
12628.468554772322,414.84689070553867,150.32776055821728,89.24780529571272,0.7449583352920263,12853.229566397575,0.7773151377921972,Osmancik
12450.927548279213,357.078950430868,136.8945455958172,75.04365999932222,0.750313355474832,11417.928758244147,0.6767676011147562,Osmancik
12761.188124867374,409.6492675266507,147.63693830403733,96.41844291431373,0.7230734590207053,11271.95645855628,0.6704556657544187,Osmancik
10020.278775283194,384.1382894646893,158.1626443257203,83.86779397306441,0.7328255089277337,9943.58856448366,0.72383242749312,Osmancik
10484.781606191757,327.53703890433036,130.86292850204,98.08638244908653,0.7896236249146134,11718.855878501558,0.6648452935113061,Osmancik
13383.359699195968,458.1765593457801,208.57424607150455,111.26050250772168,0.8157273208179716,14884.311835371223,0.74479540854456,Cammeo
14604.855818621414,517.7505841629304,229.02524671270592,93.4623366135118,0.8796681397191373,13073.506714077303,0.675041780281164,Cammeo
13141.635548888038,438.4096127876255,204.45818675192365,103.6728731340134,0.8043899942643006,15415.85850177214,0.7374630816798099,Cammeo
15029.191547842423,434.5045149077393,198.12194092307183,88.0636316824352,0.8127866801222418,11211.571898997407,0.6052009056339099,Cammeo
11322.974503617668,308.86825105191673,158.28567223345814,93.38786120840474,0.7379365598204186,11341.296025635504,0.7004469091257434,Osmancik
15144.802116191842,438.20323652764205,179.22389101646203,78.27330453985964,0.8147303044278971,13688.35099337281,0.6592888973146737,Cammeo
11614.917302478929,505.75016172827713,202.75332613170238,91.89747562985619,0.8687019266503243,17573.034243005168,0.7126765705431064,Cammeo
14626.329878740276,450.76261879165287,213.91757594837458,111.87386051564751,0.8677542267458953,13577.546188826076,0.6646850804687336,Cammeo
14896.752326147915,463.84483107763936,187.37560364956886,92.91593233089537,0.8656631073707877,14934.017956539095,0.6860924799103516,Cammeo
11682.069490062631,429.76296327285235,148.61730920937362,81.02774611614424,0.7235565934594501,11861.136797375082,0.7504022526144194,Osmancik
10967.719388950529,396.19085313976353,146.39440861535155,76.02775882059979,0.7126464245403571,12582.508172280744,0.7406571078624212,Osmancik
9438.506777558141,403.9310959063972,140.6508871274796,107.04174194975921,0.7561876956241513,11497.584499895116,0.6737429384088648,Osmancik
14293.959885330467,415.09111913750803,196.55407254619524,94.51275092259039,0.8332191033115605,17083.179445209273,0.685799381742539,Cammeo
12293.29554848279,413.6654124322983,203.98886247809634,105.13085420097293,0.810137289755316,13631.886576590448,0.7247277499668335,Cammeo
9402.400830404567,366.76155089944257,150.01590826481288,104.13687708219194,0.7421774241936125,12831.701535631375,0.7959568024271242,Osmancik
14568.310916762219,442.9247572021032,196.8030145227097,110.29960817581161,0.8835480225742195,15127.494253371977,0.6100851270135842,Cammeo
8396.8629121727,439.2184369046486,153.4296394415368,92.0966382115703,0.7900760162450733,10298.290404099262,0.7463314455504046,Osmancik
15318.532222384629,442.410757669033,202.2664944880043,101.4679301198555,0.8175221772105827,15830.822409939075,0.6596526621649582,Cammeo
12180.640912452145,364.095191851052,138.4946585257587,81.60992254381837,0.7416070670408687,9761.013728997077,0.6690967818120088,Osmancik
11126.177903661966,347.79554971507383,145.38068533907904,75.77206059212173,0.7932503953097383,10585.69869842473,0.774736088886568,Osmancik
14596.05698361348,497.04710190126565,210.99033154879004,107.78361076166638,0.8407106489125628,12554.511968382898,0.6922693710811799,Cammeo
14818.343565553956,470.68201063477034,174.02329505386942,78.48184598670696,0.8436614189768766,14043.161493572148,0.6407238003814066,Cammeo
9989.401780071086,397.28646039450825,149.5928972888651,89.51873886880098,0.7491737943018989,9520.41932480313,0.7691576337639285,Osmancik
11475.167746495381,425.1515374414848,162.43563470486976,86.92992198725383,0.7563164388453955,11012.065880756796,0.7315393362366939,Osmancik
11408.052846836756,388.18788812409275,147.01660975479987,103.2066034211811,0.794331011187415,13722.215317125578,0.6786933735044772,Osmancik
9818.125874579198,360.1841197549544,150.53230557018728,91.0519068345288,0.7772267556837507,11364.207319899686,0.658299858074502,Osmancik
14373.500185452243,363.04482693484175,196.29298665860543,109.47526462122858,0.8373921047012814,16097.674653235781,0.602436516481418,Cammeo
13459.921434224907,467.64396272079614,204.94071528708724,98.92697855995772,0.8714326635734998,15245.06615721356,0.7148045045787061,Cammeo
13907.477948703076,446.29249623678606,191.56301655927814,96.08241850956178,0.889856060467484,13336.049780928068,0.65714869105026,Cammeo
16628.546750971975,439.5513729427526,172.80481910471968,110.80048065714648,0.8199215274894054,11614.909515428204,0.7239826611287197,Cammeo
15415.328144865545,515.2863596415011,184.52017673031838,99.11637040794665,0.8296559912205931,13499.005113943305,0.7234909819020046,Cammeo
16472.897509858383,502.94526999439086,198.0744411857445,80.20700189624212,0.8947090667108519,16760.50675740933,0.7152871996369803,Cammeo
11913.771621385586,383.9242731880551,158.17634791890367,91.95018000472616,0.7171085966857161,10456.22579905967,0.658107144102459,Osmancik
10606.47014403027,374.723599122026,143.08296508398186,81.42943587812525,0.7923223746985228,11798.031987284365,0.7177803566978417,Osmancik
14116.493059217648,462.8626494887757,188.92598110878905,89.27860988014393,0.8950772707731338,17090.269959118556,0.6603609388948968,Cammeo
13307.91625061611,375.5470208671957,164.2110797423541,80.94393072583955,0.7278143640448911,10500.583904629779,0.7047640880347709,Osmancik
12971.410932300461,414.83792915131085,210.880034295169,99.75804393609084,0.8484077069710202,14434.733997845731,0.7025799677753015,Cammeo
12822.189618742459,484.87239848868785,208.19646549968775,92.57529414301952,0.8634363688871688,15602.626476466668,0.6934130104859761,Cammeo
11820.158186755485,361.0126104074024,137.3387078942346,77.0386083208061,0.7484184498322597,10999.773347751936,0.784669370958804,Osmancik
13225.856294473851,445.93946063834767,195.19755822596073,94.70947322653706,0.8270393286384526,15465.487143867638,0.6138540792167068,Cammeo
13408.3988784094,468.30750748652446,227.39499276149186,101.15026079147417,0.8371724066402344,15451.431915574783,0.6350719249639596,Cammeo
14082.275569767233,521.1820127784246,196.32881131352926,91.53643345009127,0.8515861902712328,14092.411407975882,0.7470852340591085,Cammeo
13005.205986893512,497.5313522390399,179.97864319535427,119.01190685753008,0.8564074028833518,14448.900526084079,0.6075933708403611,Cammeo
14774.451139502176,507.8018651569937,174.3278620896845,120.74082669749973,0.8786205652261059,15126.686745536002,0.693799525493168,Cammeo
15389.733048200082,523.1828858292284,175.90996909271868,89.09600922557154,0.8780365503006882,13729.937257652331,0.7225957968319855,Cammeo
14311.859353098109,450.17027743656223,187.40392263574196,89.3760647185312,0.8009923821127836,15768.561735148121,0.7228110344226076,Cammeo
15165.885141145227,431.9951674024331,177.4118549899149,102.39246864111149,0.8163035336931591,15558.397290753746,0.634999923397399,Cammeo
11458.1681147887,368.28029004772173,157.09730582102225,86.04552019571506,0.7881297545614092,11250.22026783923,0.7092162975157524,Osmancik
15859.921286021048,393.8057331253692,204.46130752432538,95.96351536758003,0.8379094048671937,15288.905771180373,0.7108300015699549,Cammeo
13924.785083272194,450.3505576857468,194.63249518898445,82.26967531793119,0.8290045531962438,16420.014753953757,0.7335576481282899,Cammeo
15156.051355093186,431.48616869291345,205.3385564801446,112.96994546561109,0.8348095593168289,11073.52793927806,0.7208571788502327,Cammeo
13279.233572097433,470.3889000688593,199.20276959095625,95.11150578213726,0.8978981115174809,15861.513018607882,0.7393717075817531,Cammeo
9432.140574634544,395.4375348780615,160.07218937077923,87.80932374101667,0.7399719550974427,9601.122766926932,0.7982393172714781,Osmancik
12505.113465545614,484.63742427777055,194.79672901213806,86.54020319753252,0.8225381268006766,13686.619526254924,0.6174537727746744,Cammeo
15140.508605823261,483.6261932276924,190.4800622359865,95.26160652929084,0.8780631717425558,15636.87219637228,0.6495427001253127,Cammeo
11596.441137581753,382.708164033574,131.4607518398789,88.48804620178063,0.778397185050559,14041.402398460756,0.6510182261035385,Osmancik
13095.516602771013,503.6602740768985,202.8012333817046,105.4673356820138,0.8974194443816358,14611.393309824367,0.6723198148379763,Cammeo
10935.81583871118,356.29517900281206,156.64066779689313,83.82235777051523,0.7383567391007292,10221.931467975324,0.666391916805224,Osmancik
14272.951921524955,446.56861202839485,185.5365474496001,100.24219456672758,0.8492864584447447,15222.166440244922,0.6258785815419543,Cammeo
14409.382369779973,445.14236536016836,189.06110308150716,90.77589815501497,0.8783198413298626,13969.468909091713,0.7212608608340536,Cammeo
15895.05537860887,436.3042430304452,203.427898300416,106.96387447456715,0.8072316475257939,14769.447528218627,0.6826739942874558,Cammeo
12629.166364900944,413.5076899439582,174.9007804721825,72.20484190244551,0.7128754437368056,10317.133398228792,0.7528814412629697,Osmancik
17694.656970146287,396.64388706057105,176.6876173329685,92.27122332176391,0.8944448582694303,13671.499928862566,0.7093167081675971,Cammeo
15877.572386976808,451.2359788476454,170.75511663717145,86.43418195376594,0.8891872144810735,15653.478088446765,0.7452114572176101,Cammeo
12275.390737999014,377.5012408315361,132.67674885396283,77.65619116311412,0.7236633131470008,13003.503224526441,0.7443676367951401,Osmancik
11604.120889588517,432.6151286181319,152.35489128800066,79.35381213523708,0.7186772528231129,11732.204861603039,0.7555292510272296,Osmancik
13205.856242277934,526.6189777785031,198.53474618777912,109.50307591973576,0.89606269755132,14885.54820868299,0.6219654384904224,Cammeo
14938.187446132772,449.0910572100932,190.23368571372202,104.28307097207649,0.8464095159453504,15693.990777125138,0.7475350809770495,Cammeo
10702.51779912615,407.16018834901416,142.84306310437344,75.5686120696134,0.7194128770445972,11338.376741798349,0.6934981088966213,Osmancik
16572.73290719039,501.16622549302576,177.94488148045403,107.9994190194205,0.8981192529164116,16324.380961162748,0.7016157106842441,Cammeo
16777.59028000821,472.3120707556824,172.1860237145573,105.13105798176083,0.8500603571154708,14238.061005868227,0.6835560769912553,Cammeo
12452.616745486179,357.2937477960171,132.6575368270533,80.91871349079827,0.7918285035379958,10341.687666991607,0.7967758950399035,Osmancik
11079.597862376037,327.732359727644,149.18251889798455,76.23783584925756,0.7543484428583015,14047.156639061839,0.734104172206352,Osmancik
12725.235543528674,453.6796840568404,214.2056690358797,93.56450167682539,0.8267592676727972,15698.341952570428,0.6322043831195033,Cammeo
11664.70274533311,356.36268779716823,162.35295721146392,74.31310076665109,0.7210528488440613,11457.769223543242,0.7786648322558664,Osmancik
11346.70997760492,403.8081487494691,160.47389221206762,87.73328185562102,0.7953703626491708,11842.172369037056,0.7083277244711175,Osmancik
14856.800592910511,488.5199372068955,204.11156781982325,111.87679388461564,0.8957789800988204,15795.91640550555,0.6611622157504098,Cammeo
14205.641937427965,414.81172581369526,183.1167360569659,117.72251596669744,0.871395263250659,14273.339464726314,0.6398244611143609,Cammeo
10282.983850872064,400.6700684568969,160.14963447075513,73.22370341578566,0.7943195849693451,10577.151541494137,0.6845126737786212,Osmancik
14309.060468867317,388.85119004382886,180.64346558956294,103.23079273116029,0.8822179886816424,15241.796896385391,0.6894122932857459,Cammeo
10474.120324104797,399.5857401234887,143.69242879217538,86.52733219314969,0.7736794568710197,10729.46660841667,0.7520874639378151,Osmancik
12992.938972132833,440.49575103710026,189.6166889351283,109.13584626233249,0.8000134693004486,13481.104634737685,0.7485163269130298,Cammeo
14747.419918816999,461.85746192624595,178.6480736714581,104.47716925810278,0.8461716143813119,12178.373560485656,0.637953951138038,Cammeo
11519.069479952148,486.00804711834644,192.71532338055562,102.69126941245108,0.8179255611907791,14183.600826812477,0.6947062989072377,Cammeo
12594.442391749197,418.70109559156975,142.34894949508845,104.15489520465961,0.7763294911997282,11483.321399095828,0.7491091089663727,Osmancik
11471.542380418206,386.961578438954,159.39155791579822,91.26686968419224,0.7922223318154861,11130.602568282386,0.7737962603634474,Osmancik
13346.740730569782,429.4696337382993,215.91314755151066,96.27793223928947,0.8321495701247882,15216.91915781138,0.7159157129497619,Cammeo
14909.009252056767,532.0376173164326,195.92007294734472,98.48726716346488,0.8334049965668769,14752.339920239365,0.7014541601809086,Cammeo
10017.696419622685,386.2881316117549,163.53490791904284,78.00451481328065,0.7089700919014845,13388.608479490762,0.7018742855464392,Osmancik
10999.686327388225,414.3239593677513,144.42502706261257,81.64452197873159,0.7291196454996623,11061.125312149457,0.6795032837346819,Osmancik
11505.589241835874,431.80363582573295,139.19194340985024,71.491958495452,0.7739474653884113,9378.05616633822,0.7437415655611749,Osmancik
11052.258490497483,400.4268484141066,165.53982701780347,76.9324101396212,0.7321686368701309,10676.624381139442,0.7702028087405374,Osmancik
10859.624941094664,393.3160595242182,156.92836230127995,104.05370825386036,0.7517117930856919,10042.327109807753,0.711925909663836,Osmancik
14495.51774513075,499.37289593906337,184.17734772188157,99.6677000935554,0.8506920437961835,16100.136867101155,0.6501601768483123,Cammeo
13537.90126350042,453.77291058431683,195.93705300156114,97.96326249823034,0.8133828362999693,15396.620146818752,0.7445040480669057,Cammeo
12503.419828429,373.48344204874536,152.43883145503239,82.55511508676958,0.7740883206721986,12779.662382497656,0.7183491232329638,Osmancik
9792.978352142785,390.2364055408419,164.47929785836698,83.79906438996954,0.7459346010172823,12680.660367212395,0.7731103761223596,Osmancik
11933.12807234107,299.77102980918727,151.5157703937984,78.22852558832817,0.788148581958891,12119.896796485664,0.7869808942721259,Osmancik
9700.783636554175,382.88964089962116,157.86484595820284,81.60887966142118,0.7470816419365898,11327.923805769498,0.7655617680602966,Osmancik
13696.918218328208,505.97093305142704,192.54041236054118,97.53937511870052,0.866660047904662,13080.485929486093,0.7174946974434071,Cammeo
12146.440870400727,359.04134273716693,151.8970707038782,82.23264536762264,0.7376810627774213,11345.017223601815,0.6533304219481776,Osmancik
10075.4358856219,447.7033738447486,160.57376064976043,86.54077534985043,0.7320059564183582,8655.964538789416,0.7019703930618001,Osmancik
12695.722877810866,368.05104783274413,164.2631618770441,82.45001347803094,0.7503072600271609,11973.565435402763,0.7759112056413908,Osmancik
11034.027411072231,424.38090432426196,150.81406216700324,81.15481646809407,0.7550690544694795,10263.733798068331,0.7944177211971098,Osmancik
12676.393027208203,385.0699438234383,137.33892758187966,88.88947833249551,0.7929921763145665,9905.049514527156,0.7748243680593678,Osmancik
12872.144256407173,432.3236772047502,198.7954602813264,99.70737186315021,0.8865295758908913,14293.241226479933,0.6995736712279088,Cammeo
12910.371109374546,463.97329221716905,185.19479037708518,89.75813175670795,0.8232384323056048,15564.410936881319,0.6260244075532533,Cammeo
10464.68328743234,412.5329836352193,144.49633636678698,89.53417380947343,0.7643369725069761,13139.49249450728,0.7557594926308069,Osmancik
14244.156363040667,458.0915457543208,184.00545721578098,108.62393472382759,0.8418333864102281,13317.411557923617,0.6201864400656162,Cammeo
10715.615350393491,422.72585011811094,149.43155156946676,67.57430944214856,0.7836863422226592,10609.041886913903,0.7559087171957046,Osmancik
14861.050706955155,372.04776173519673,181.25383842146593,98.94051645695865,0.8234973404995953,16715.337171132138,0.6511977968925078,Cammeo
14015.110880938153,473.378271599481,176.00098061390207,111.26705136827583,0.8663047191803422,15309.524591070349,0.7236525670874024,Cammeo
13378.075738071622,550.8277143121759,221.15121975341262,100.61679849847971,0.8703857091634332,15438.031256663986,0.7226111770959164,Cammeo
13777.20922800342,543.0160319458175,147.27186069054886,92.52788320852177,0.8062689621621866,13569.512014156022,0.6391572789352272,Cammeo
11840.73448212955,387.37694013668454,153.1448017090407,93.50125832630022,0.7197242666167016,14273.330320845593,0.6912343487385632,Osmancik
15395.796502585952,485.2963095622208,173.61530852991132,93.77350638265548,0.8926194068431782,15102.16817972886,0.7407794675209696,Cammeo
11657.494640572997,503.2312290221849,170.03150569663333,85.42448500535069,0.8288884938909166,12465.756397229328,0.6589655861339101,Cammeo
14623.215817089407,468.116920834052,189.77035226240505,98.65691258529452,0.8304198719636281,13894.452760146389,0.644593080642199,Cammeo
13977.180550516774,516.8201699195942,181.3523439890992,110.00582318042979,0.8000011634755366,14813.718515391814,0.7045745538206971,Cammeo
13871.563568054531,473.70901385510814,201.30012431656797,78.64325786021304,0.8571745983143749,13709.762161121436,0.6901368008488629,Cammeo
14083.762501988023,457.0226628359982,192.88073674735048,95.7069777548274,0.8728861442269947,13594.196636041552,0.6625790127846864,Cammeo
14290.35472587924,450.4420781253436,221.12891308937898,92.83177679397195,0.8794515544490749,16675.4877173881,0.6356217835128386,Cammeo
12714.929002326666,439.01918934880905,203.7747490900347,90.96298139269872,0.8747444406596694,17907.031018338967,0.6797358229030097,Cammeo
14117.211318258598,486.3417709069132,183.35076623212734,89.09033569784802,0.8741896326958716,15318.388459488355,0.659548824331121,Cammeo
13212.531039397243,392.5250469055709,140.37263967432548,75.95857016412253,0.7182922925962084,12422.040157592299,0.6736491540195362,Osmancik
10924.33439567417,332.75993588630075,143.60729402139717,84.00782890088003,0.7464350249882141,11950.249729716326,0.6745880393070418,Osmancik
12064.740954572419,489.7305637609086,196.2069864617725,106.15367484013053,0.8274703815047892,15368.842635333505,0.7097229539554674,Cammeo
10480.603628173872,374.2601277879959,125.56535396572876,64.0014635490071,0.7280455064760055,11322.45888393421,0.7365530602535838,Osmancik
12428.857707813568,404.78959375543377,139.58086846082,91.55498614511525,0.7314434105811405,10767.315812876086,0.6542506175575077,Osmancik
12346.225756202748,435.84094078163497,123.2343837705065,67.46996919067774,0.7166950179034469,12616.602043637487,0.681651003756129,Osmancik
11257.975981221181,395.4750309179764,137.07985047034782,84.88720827274663,0.7344596595726972,10831.66883488325,0.7838111526640431,Osmancik
9846.667596794256,376.4415188426437,153.68884283663627,81.19363644796078,0.7112840544516884,12830.069593801541,0.7820975866196868,Osmancik
10596.924010934968,396.5560212723284,149.26709194377148,95.6022087234963,0.7520323626191385,13300.788385420357,0.6972399841188399,Osmancik
14015.602270253488,415.57696618136686,164.60564778706922,112.17158520825497,0.8398005292954503,15615.986451653665,0.6688686034930021,Cammeo
12588.626928043595,318.29086897591685,158.16276250101154,79.17462479224147,0.7781290647405692,10837.969499976422,0.6972261733113103,Osmancik
9744.864628026606,364.9715456989613,144.02913002028944,95.02506259814595,0.7909005588835704,8963.657659029268,0.7530924506619692,Osmancik
9644.55249688771,383.53171264295935,164.34576780990574,74.19555228525613,0.7164730896081062,10153.501253148028,0.6573949493613755,Osmancik
11550.797572273663,423.83340751901693,157.51936364715684,78.1822028560214,0.752023048910309,10908.29874651904,0.7111107907417024,Osmancik
16197.750519025225,506.7718236178269,192.04802996624107,98.90390196074169,0.8601553879299825,14042.502286838539,0.7033631480622344,Cammeo
13015.181217977948,438.2630091546494,165.31901879564663,93.92178012905568,0.8517960527712579,15195.017811959166,0.6543839694838641,Cammeo
16118.545088337316,435.5392878803221,193.50678867686122,101.89581616598744,0.8073081562027016,16852.098254653043,0.6771143163826889,Cammeo
12991.553302204735,420.2841536578791,137.29871239630017,91.61692342852615,0.7975244535283958,12594.903459502773,0.6693468361890749,Osmancik
11312.378210466572,334.9092064868881,144.3442113461866,85.12820225836128,0.7074428418438515,12950.302069901087,0.7336715188603152,Osmancik
10195.033519147439,402.8455874343173,151.19864345291055,74.32311514471814,0.7275190211773476,10649.594189693324,0.7182993124712903,Osmancik
13079.18292453434,531.7823145407115,186.860144842722,113.95683810789956,0.8181613967756604,15091.163185783475,0.7488872693231645,Cammeo
12159.062995117254,469.9753473484302,196.83831658122412,106.38051101440757,0.8195240602956493,14375.896478784205,0.6486494066027277,Cammeo
10856.305875092306,493.1762232473396,204.9440022917071,104.66429982433526,0.843381741957653,13507.728064567844,0.667007179088778,Cammeo
16955.890534982344,414.98043810806496,197.43522831958907,99.22162802987198,0.8880156737921485,13426.966311027358,0.7353619549929156,Cammeo
10720.189657622994,418.50047486008935,121.54008766969329,74.27942343100852,0.7938719301977863,11525.582873158093,0.7780019746413086,Osmancik
9651.952888059834,387.65308022824445,158.4179373830966,91.70264428183584,0.7617813194589287,10697.85172495644,0.7265589082023061,Osmancik
12921.90239438197,492.8192872478946,196.89958214408674,105.462842480037,0.8952221785697595,12935.838887994112,0.7275861792022674,Cammeo
13806.457146000788,476.53739612894805,206.62274225106276,95.17256477817968,0.8369813255987177,14137.34819056865,0.6797182371283957,Cammeo
13769.166842262654,557.8300791846731,192.25628357715365,98.19520086409375,0.8215740679176454,18333.822752901342,0.6515936529836528,Cammeo
14138.80956115143,467.46436492625435,194.02888418294887,93.79152401748884,0.870116986159026,13785.597643025805,0.6863038759693648,Cammeo
9974.247316359722,394.7838752041239,158.44113500144772,79.3367124746074,0.78237444619123,11876.356563284407,0.6943629251930494,Osmancik
12757.70921309675,478.27012876615134,195.71737577324166,131.37748533659993,0.8832830376788271,13799.140485906328,0.6511437857153337,Cammeo
14617.3266008705,546.5301889322184,186.23750475317428,101.42943094763707,0.8861690903787346,18000.943763174644,0.7468727332650923,Cammeo
13157.536287347177,479.15919302985566,200.9144431545547,104.36559804157667,0.8298052208639444,13785.575723318845,0.7343344272197758,Cammeo
11424.066861518451,364.294444046166,161.46323084648645,76.7930551522442,0.7692572800077582,10653.3580646012,0.7420561954315621,Osmancik
14615.920919736027,425.7566469636453,187.05475226372533,100.86143883046375,0.8761037790250783,16735.191278069487,0.6616796233323818,Cammeo
13009.403363848985,522.0200197125631,180.7989600468859,88.56273792679339,0.8069007592612817,13534.770497700101,0.6738803071071434,Cammeo
10024.63397272175,398.72691172770016,135.80332578318732,93.73685427185941,0.7991686140392736,11401.614470803917,0.7800411564245769,Osmancik
10777.279299223394,407.13538218657624,144.37042974947508,92.40537767602177,0.7415913654297509,11402.87584608247,0.7696703558312912,Osmancik
9684.184183572494,373.85856724529583,157.11036368781313,76.37189806908322,0.7122481416850297,11684.916086774332,0.6775186827138298,Osmancik
12026.986263319732,363.29046455940386,152.3750000081049,88.80292488553609,0.7316913013818545,9866.87076012278,0.700580305275343,Osmancik
9804.706236400756,394.7328431788131,143.44749841419934,95.8809272014425,0.7481900167109977,9754.701361679743,0.7568107988371896,Osmancik
11139.060398653417,415.4883596554864,157.02359323819607,90.0877420056939,0.7526817166050414,10547.059096325924,0.7213038601521303,Osmancik
13529.47021624141,501.501597770316,200.98960115823368,76.37067564458161,0.8781823863344936,13996.730155273632,0.6470817114772541,Cammeo
13441.124295715692,457.9904756220345,192.963994070386,98.06340540720282,0.8500624268070418,14146.84835657613,0.6673558151895189,Cammeo
11944.238565090947,453.31527678732584,169.79310565705455,97.41203937332898,0.8759005282521931,13907.042924283556,0.7169275052136095,Cammeo
11449.473912832307,402.60574628684975,129.0515108056842,69.68751943530026,0.7075527086025887,10635.75517563935,0.6797196112735365,Osmancik
13638.675565292853,517.662744826316,189.4223729574894,95.42903743413729,0.8803958507552521,14019.614992516634,0.7017749952438956,Cammeo
13861.22206113411,481.1921671166113,206.18021250146944,116.6125921454787,0.8822534794384197,14792.900298653223,0.6917195416838491,Cammeo
14754.014611117136,448.7286156455797,198.99893094994306,100.18849622944848,0.8204680109057284,13842.529284459482,0.6675087959139338,Cammeo
16276.151579184736,520.1597195433076,198.4586368007854,94.95225078771783,0.8299800527565236,15701.551181399178,0.612703251281296,Cammeo
13771.59358629967,485.6337144506804,208.12549345889713,91.18125348772281,0.8704554428027446,14997.885680163206,0.6019346204684288,Cammeo
11149.363482271188,419.70498716877864,158.44128159766672,78.04570410409085,0.7131014618650465,11302.174529231392,0.7496111181799752,Osmancik
9975.971409113621,425.75698003240717,157.75207424537462,76.88416218634069,0.7874747073488975,11212.100702071195,0.6890999573843153,Osmancik
13095.843501809159,365.71857536751736,158.90950696311145,90.72587392936673,0.7566322880166532,12039.628271372521,0.7524604362785187,Osmancik
12301.555109539502,490.27954466581406,204.9701516478948,98.1710355889516,0.8432729136019705,13858.940330880296,0.6644936429669732,Cammeo
12842.091847303875,437.64312610913646,220.84310694910482,74.6971247725367,0.8384355038524135,15011.936487681127,0.6328070833359809,Cammeo
13682.411800114452,497.42713572589844,175.17113339273624,109.9831089814796,0.8065694858954366,14549.709393448036,0.7398832317628968,Cammeo
12434.636599394176,533.8654798419067,195.99531927628962,106.21571889856051,0.8552707075718545,16975.37756644491,0.6822217804092033,Cammeo
15861.382370627027,484.3158603886616,190.85519687345626,92.12216248091761,0.8856537223747927,15690.00735822821,0.7023798689306582,Cammeo
11782.873734948573,374.55651975255773,130.59943950062382,90.97289091681726,0.7899612489372315,12349.493612372291,0.7365799619633843,Osmancik
10639.960731243018,390.38485930631055,167.78352922123844,87.18408573995508,0.7365047566692602,10900.555188501214,0.6761015672024187,Osmancik
11018.819049740598,423.50501326589864,131.38185301129286,84.58781657180283,0.7578072102012413,11567.448120652338,0.7540264755569481,Osmancik
15744.24089258878,530.0908177369449,188.52490559807876,115.21316051922452,0.8302915728833193,14194.993259055362,0.6454928836273924,Cammeo
13436.989217474355,485.9483955035857,192.77020458797364,96.29988970117871,0.8714424164071243,12815.048336475138,0.6834286038945018,Cammeo
10848.28556642277,388.10630960666253,144.20508192647378,98.8493570541384,0.788974899029538,11652.23823574371,0.6728987246811176,Osmancik
12311.983738573947,368.8581469316735,146.4098187308708,83.24264438119232,0.7536607509263774,9786.938021474383,0.7443357717385423,Osmancik
10629.417237599217,433.59826428127633,133.61973845488038,86.43931495637133,0.7443039976635161,11632.156990188942,0.661176569272796,Osmancik
11156.693728246524,391.4792499456067,160.11726398787889,84.01324748763112,0.7620001333477409,9780.249109690061,0.7455039371536913,Osmancik
13369.093973983086,501.7664350827629,180.91427615494993,94.07535740847106,0.866101425424732,14129.661858619427,0.6434159282429232,Cammeo
11793.175688218676,343.1089708028624,153.49136837207382,87.46265898011109,0.7933593143701252,12588.99115760123,0.7381693107599558,Osmancik
9948.690088360656,414.0638537585436,143.388218357541,85.11607199410123,0.731003402401245,11477.429496928964,0.7229086312854022,Osmancik
13150.796641257462,467.39344494779493,196.28528514049069,109.52874547202939,0.8977307907991504,15672.96032592264,0.6592732946208457,Cammeo
10946.09515099426,378.5154843116109,136.47004681256354,95.56331207827067,0.733735907835728,10449.198571563227,0.6790575576164447,Osmancik
13823.531142197433,469.3685893014608,184.9437104332294,103.61503525206102,0.8071158285173433,16243.918690190145,0.6076940773471823,Cammeo
13325.254964910833,490.2156490330302,192.96866175193972,98.78252491616716,0.8072901835367904,15578.652143242927,0.6167389499935871,Cammeo
12792.779142200357,442.1798991439691,190.96711622215182,101.68654671966728,0.8892558227486475,15313.160421880346,0.6336477838280289,Cammeo
11678.946987762232,405.5083954724511,152.60019742757143,102.4807591602889,0.7136503012083582,12599.08889583624,0.792590955736981,Osmancik
14823.512228449415,406.07258311577147,199.50665321398148,107.38810480887503,0.8076239217973565,15278.432706430483,0.6753640930749565,Cammeo
17264.202999907542,510.86220379976635,173.44616024176344,95.68379687281951,0.82282353634937,12616.831160976393,0.617796564861237,Cammeo
10988.907996051397,381.3961729278519,158.0260815665546,78.76784462784012,0.7886831539468959,10342.199451191884,0.6906011908947934,Osmancik
14081.033845625509,433.4950496421661,189.63468111608526,97.73515901150168,0.8405102694527566,15822.959906896553,0.7126154473816584,Cammeo
13977.784236809131,426.70577707583084,181.80633327621277,113.92465300064329,0.8522510181085589,15002.220313155029,0.6962256721884378,Cammeo
11695.4024745503,377.63337764926587,126.75896756997042,98.98509655296668,0.7019401245618215,9204.85783718799,0.6675206161600928,Osmancik
11457.805609925785,390.12689576982456,116.0120889001903,79.72768580089084,0.7487082544323578,10832.685517721799,0.7047227144461785,Osmancik
13013.335525320283,458.0214516139027,192.40860971574796,98.71462488561069,0.8810878581007918,15231.745118226661,0.679491088039535,Cammeo
11552.92138668788,535.2462827776236,202.23605818808946,104.96699223236521,0.8970257109726057,12673.253199155353,0.6067495231853136,Cammeo
11834.751326324882,404.42724278246686,145.17845967670038,76.59501342537759,0.7938447640410408,13194.370607589015,0.656715258303273,Osmancik
11111.372601840052,366.6788554546228,125.76087201412636,105.3150529822629,0.7816793369574347,10697.204599384748,0.6689983809270791,Osmancik
15264.562462441883,403.66154814545763,198.14947043554582,111.09699841956223,0.8674130295536063,11579.043865820013,0.6917746530154832,Cammeo
10777.525103221735,407.57712603493945,156.49090222273188,87.14274910293067,0.7859502975624898,11624.755832544663,0.6725465933725954,Osmancik
13606.805424082679,473.34648421147796,190.7791882871095,109.03934841086195,0.8105364922250857,15617.464253073742,0.7363762896080378,Cammeo
9634.17584458456,427.12961272535995,130.06699901319394,81.25203109311748,0.7679171699537993,11449.445366489823,0.6815071005938105,Osmancik
14433.963230057161,385.1683231589658,182.98448198032162,84.37454143113457,0.8360233918800428,14598.741848290914,0.6092712691033834,Cammeo
11491.4294527202,373.31643759717656,155.84766284453994,81.86498587690507,0.7773995087294009,11627.208258429599,0.7925316808798145,Osmancik
16559.64004958752,482.3916179172416,178.21015809238077,100.82439752934503,0.8118502623598152,14954.545061489602,0.6126191493389074,Cammeo
9021.774750625189,418.7337484341872,139.35204649373074,82.93903611591205,0.7585778270931047,11826.903457732034,0.7229587442133341,Osmancik
15802.828462515234,477.6005780021333,187.49317429320382,126.44343347017035,0.8704871010043382,16120.959230195136,0.6717792554879284,Cammeo
14278.704436593203,415.7389636503332,170.15365309888753,96.46833707189312,0.8976013823279214,15062.847772968906,0.6686893491651041,Cammeo
14986.283005250269,371.5545876396846,182.59365125258032,99.64358517702516,0.8909943143854392,14549.319186081882,0.6752276940525249,Cammeo
11500.24046943657,375.3517847264537,157.89315811380447,79.1261334242317,0.7615347840628575,11222.757602330621,0.7220972042468614,Osmancik
14439.917895316217,398.97899316301044,182.07074977375365,103.77100393902187,0.8131715028579094,17384.414303482576,0.6443898044154924,Cammeo
12983.847538317914,488.43839872813965,198.25078148536826,102.83287871546142,0.8991327901564221,14983.737114388921,0.7456726361052428,Cammeo
12276.965418584672,437.5013289642293,199.13707181360766,116.95051040430754,0.8357029343970013,13267.147594508539,0.6180581368183633,Cammeo
11569.828896010871,470.241189372555,215.16551221114662,89.46317580853646,0.8853784921704667,13924.042772532974,0.7097244696064708,Cammeo
12702.142395662726,495.09449162302684,163.58786782028835,105.16178287114958,0.8276319108465854,14256.472276071712,0.697468207014645,Cammeo
12597.586354856561,489.0306649559477,189.13571804449623,92.48208949904816,0.8295301477571834,12780.804656233358,0.7397332371464221,Cammeo
12703.172609918038,415.343231273451,156.21593731669742,85.10760291695435,0.7460868735269652,10339.712136421713,0.6661943672166254,Osmancik
12418.531345148036,407.5849740117835,156.10330047880132,82.87516351771116,0.7571212917751518,10192.379902960341,0.7352478726616889,Osmancik
11000.682818957483,416.58573565754386,165.74032139127192,85.62494188188813,0.7191521322050148,11488.61624934943,0.7914531064468605,Osmancik
11131.065186215848,419.88354644733386,152.67925003104313,80.82294743984006,0.7054744982259594,11868.308890529564,0.7116440912053855,Osmancik
12811.356409843174,420.4158071896568,194.5395319785855,95.52678104341248,0.8890215002636175,14201.260480252247,0.7201471050605047,Cammeo
13958.345876353707,464.3757917841957,226.05123377857413,102.98752908365687,0.8607752122252723,12743.603323929572,0.698799203240965,Cammeo
15640.24912093343,433.8950408279044,190.22032292093795,101.94736194718774,0.8432766879599263,14099.84898751945,0.6326837069440115,Cammeo
10919.121502134538,356.93190778632436,165.40580231824273,84.35163228222605,0.7205887310766599,9326.68677548884,0.7762713063543228,Osmancik
13628.945148978542,442.6976724872152,207.59093528889048,91.96821049319655,0.851112913923723,13602.296631988862,0.6467819153645588,Cammeo
10817.431025620459,439.1507919681282,151.5434094048596,89.29131119913075,0.7527255149950677,10320.17625009251,0.7092485405823549,Osmancik
11533.359244705449,401.8739654612924,149.0074197132421,79.9167209581701,0.7009165550183816,12643.424440253662,0.7565259899885242,Osmancik
13072.38825937344,540.408181550654,176.7279592895965,95.89185712045415,0.8848425379090525,13454.38951244201,0.6234475456063291,Cammeo
13471.94661596362,434.9213176884893,178.9670508611535,101.23204806784486,0.8498895664535943,12971.727012687694,0.6905293209751682,Cammeo
13447.233474848255,483.0828850872216,199.7848431762013,90.01614560811709,0.8142875961339412,13932.206491590317,0.7420742194350372,Cammeo
13743.863417945784,438.7601217999273,186.62851897160974,104.27194361871685,0.8282472426370004,15102.275089153538,0.6612683372112724,Cammeo
14462.380855674604,447.6181424274404,196.607121069406,119.38928999058285,0.8140802948892677,14236.125171385645,0.7407723237321232,Cammeo
9771.556168734238,361.0023632704405,164.42941497579687,74.89784179441149,0.7379924290962014,11782.25396944631,0.7854646260573965,Osmancik
10820.906714983843,436.76367553490684,167.3033400696227,84.6808449299863,0.7959592147609235,11064.434658217693,0.7130945355318229,Osmancik
11434.770064556891,387.6279797440633,147.8649854903472,85.61287256361328,0.7615552623193179,11106.253146093924,0.7948479762149618,Osmancik
12770.734830398853,456.15760401101403,176.1898961038095,83.98034188102831,0.8640615183548888,15610.8827951866,0.6600318413774507,Cammeo
13893.055952584655,456.0329654488247,170.5475207806623,96.56807724502589,0.8800003481763682,14110.210344842655,0.6639597535202434,Cammeo
10439.39236315269,407.11521625063546,153.55892326236366,92.75655220602326,0.7077712418391725,10700.295130801047,0.78838586073587,Osmancik
13974.918087243022,442.6201509027074,198.04764765355606,81.96860323744055,0.8191592945734826,15906.296745974678,0.6042978641366482,Cammeo
14292.424653790295,486.99277968666416,190.0456903023012,81.18150954502362,0.8835825927910517,13356.24134044733,0.6242051037582574,Cammeo
10004.851518146621,390.7563260262025,169.25206929970315,92.77645572591777,0.7270348590495584,12498.895454999913,0.7656984714825276,Osmancik
14356.381607879823,487.84825459253676,177.2955797752251,125.89563642018614,0.8311863857916884,12863.943616122066,0.6521278192970632,Cammeo
14704.228512560325,523.7274650655759,214.50147298451643,118.73297776217545,0.8713206883282618,14611.66090818133,0.6016216625452794,Cammeo
11958.385819842042,360.2491000967907,159.5023117246568,90.94921420432138,0.7546614939663671,11164.549921112506,0.7112356279019448,Osmancik
14388.900763273754,463.463591498916,180.61655947735707,98.99845923520047,0.8284274092927517,12820.058496362695,0.6422424063158447,Cammeo
13808.073764043887,507.5606612443021,201.3873274045397,109.19154173610002,0.8765546750515861,14114.410303209263,0.6587865844415863,Cammeo
11307.612668189196,371.2105417145098,148.45608664377534,91.61788886125939,0.7908083687059855,11396.221129048814,0.7789781735502683,Osmancik
12071.020118526527,449.6163459454558,187.7491661945121,99.20358608754285,0.8530937678412094,13957.42314231339,0.6444536420269933,Cammeo
13669.937963418028,465.1241765964316,207.94947229968477,105.93556722280861,0.8068353200309959,13067.02020521265,0.6443736146244804,Cammeo
15485.379574368155,427.32257316051056,180.14658581542906,97.0451968197084,0.8508890555591057,13775.350030959182,0.606020828862805,Cammeo
10901.154798760694,361.7232598262437,154.18314143833177,82.01385403246948,0.7795544391926649,11183.186500956272,0.6585699079014995,Osmancik
14116.395157991261,439.3084619959851,190.8497488734566,98.68743032907695,0.8282496065972853,15149.823360862483,0.6075859655736343,Cammeo
12305.23555839765,490.0554849348716,196.36248919602875,118.54092566334188,0.8281004498908714,16499.31149393632,0.6569627284378976,Cammeo
10081.873016583426,392.394044521762,161.02697825589996,89.04016870619013,0.7911576887263053,11834.940992685244,0.7945726491782271,Osmancik
11224.339656778082,354.32302604768614,167.42541239019073,84.83551554119595,0.7771243074033178,10406.199652865816,0.6757564983460532,Osmancik
10304.305122802936,415.7875461703067,162.25818471338238,84.86395140412935,0.7667036857125354,11563.843520434226,0.7094371020224609,Osmancik
13829.144617974447,489.85014264108884,212.5200047793323,88.73232531090194,0.8694595427253285,14891.439540949264,0.6154263888236214,Cammeo
11416.446038101452,336.2068064239627,162.071094141557,83.01798065408232,0.7089652231235679,11628.677558353938,0.7959717067140364,Osmancik
13271.449745422797,402.88022468405205,162.9606727096717,90.367289986215,0.733370420757563,9511.901563081732,0.7897869098896184,Osmancik
12406.176741321884,500.2517123685776,193.36677727839958,88.30083164289712,0.8071775806226513,15233.98770366168,0.7442238486861168,Cammeo
14992.619898843228,428.887332496365,185.78987384699838,96.7767953078866,0.8457995759003571,15346.477114370755,0.6576916613968152,Cammeo
13598.598516990862,430.9702474738614,171.64089599856615,102.38368982734785,0.8259541783176091,15723.703754997729,0.6376753901322602,Cammeo
10220.14705377836,381.17272483090625,145.85802353460244,76.76022180178451,0.72413497038375,11814.745464345036,0.7568011941797245,Osmancik
9858.991490247261,417.4042119605222,140.86373676229272,93.3204945592206,0.7327006768496102,12888.853414560595,0.6909739430554918,Osmancik
10896.568775709717,355.4653879034139,156.00997909205054,90.84800501428386,0.7673008166288677,9372.385195344903,0.6820701815994099,Osmancik
10660.87772072996,388.3223865443336,156.2786782288444,88.83606038401287,0.7729521421976439,9137.888519375845,0.6861494386993877,Osmancik
14351.686967958418,562.9343921299944,214.63022740204553,103.38483843461691,0.8125550214762653,12709.09724901949,0.6339782439054158,Cammeo
14705.980647781491,478.36720316913744,197.61986990368817,92.47843594409417,0.891953102465605,14157.517319093076,0.6024888720948897,Cammeo
13165.056067806603,399.0510002670521,151.88553502789128,92.95025771624351,0.7825888226426815,12067.34566737312,0.7732702188881301,Osmancik
12590.58207261785,376.11181463924225,131.01387883984648,80.76426429194393,0.7572315185630076,11408.827165731773,0.7235681612779677,Osmancik
8506.729179669923,347.2895208934823,162.89199605724292,79.11906559420329,0.709352012359791,11746.661734670888,0.7122270275452393,Osmancik
14377.096799114328,420.897790208058,182.74171248918518,106.30811684554777,0.8295290494047943,13007.257724621597,0.6421574625250334,Cammeo
13320.442724476674,454.9685231960141,178.68586224970963,112.81016361735112,0.828740959646558,13393.171635461593,0.6156681777150227,Cammeo
13018.135180119833,551.95592494477,188.94251832911362,97.75144018191921,0.8894094302533251,14977.944080888848,0.7248545309491492,Cammeo
13418.919112560498,565.2952825934956,171.85538471963193,113.73658545162958,0.8960135604405447,12672.762875067765,0.7467532180585285,Cammeo
11889.037122279891,401.6493601627035,158.3503660691254,89.34712662297447,0.7193623809795461,11337.812839929105,0.7673002738390913,Osmancik
11321.6785413765,372.3032304673318,150.0194283762833,91.00698223521066,0.7962365316454528,10417.580651161303,0.6606374287157855,Osmancik
13464.182057519574,445.5613533672368,191.5806325921894,105.86693801475275,0.8962768350253206,14430.943151077192,0.7072129914665919,Cammeo
14361.856810800335,465.1688472790091,195.47441503699338,131.93107567844862,0.8677813200310045,16118.083454957823,0.7099500160833935,Cammeo
12972.542176789808,378.208417288158,160.07596637317425,76.48623994546121,0.7433250932309028,11182.331383155672,0.7072113214854685,Osmancik
12105.900424357309,388.0776670755385,142.71033254855632,90.05963373313841,0.7467387335447926,11797.274622085639,0.6893762906399816,Osmancik
14750.800817318008,488.86688256172937,192.6984122673022,104.03730090336609,0.8246603634978025,14110.420357591176,0.7400624134502205,Cammeo
13327.782751763636,439.35821087130506,204.88063524304783,99.39339186185379,0.8358578461524874,14325.154180277748,0.6059087750539229,Cammeo
10187.59765106258,383.3546021114363,146.3597991902744,79.50627725597364,0.7228670751384603,11743.60201934089,0.7594517620470862,Osmancik
10672.98268239023,339.3245088609822,154.74505182465646,68.2051498846478,0.7229716283683232,12039.522748844442,0.796960150216079,Osmancik
10372.686554048698,389.0638953318275,133.76989572671133,81.37268713292917,0.7977853693501782,9627.68452853533,0.6763508446952877,Osmancik
12023.530644185344,413.06519027906694,163.95406293041984,87.47237954426123,0.7340222994451256,9321.963786649982,0.6831856729710025,Osmancik
13042.076040143744,432.73487463740844,165.37127492000073,79.0904200133635,0.7458253314765048,11583.360943137943,0.7006621995102271,Osmancik
9924.687606950762,380.23166843554486,131.67398572092424,74.88795065642108,0.7817963494349154,10752.560224228057,0.7421811527331974,Osmancik
10186.98562773987,412.78544662458324,158.06333529377397,87.17937117322889,0.7378347581682647,12097.050956595434,0.6543756002861112,Osmancik
13136.18694992635,428.1241897811809,203.2548990623001,104.68774256075024,0.8520169892310752,15573.861322873958,0.7272163852523446,Cammeo
11264.775310977979,368.5186969117248,138.59923803040647,86.71047035152851,0.7043660928713008,12770.323093534882,0.7689055108671128,Osmancik
14568.599505094146,459.03499651559986,223.78653708016463,113.17597535607959,0.8807155537364882,17214.975604730902,0.6866447631516633,Cammeo
10367.244970114962,439.68624756171886,155.10385569996131,85.78261739766339,0.76636247207673,11739.15101223326,0.6642152706551891,Osmancik
13021.027658041474,377.064390703674,194.21787135954062,96.33175588185313,0.802359496464553,14831.998882376613,0.6331858044669095,Cammeo
12784.602655598692,480.03668750497525,180.22872994578327,115.13449743242131,0.8402873282632638,15554.815520839069,0.6912479250011657,Cammeo
10711.961126077924,429.0983411194819,157.26727479157574,83.63793402563276,0.7294701369885528,10923.995997729251,0.7803648603087093,Osmancik
14412.341947482153,474.84583493485235,212.14810524588844,107.6608027838469,0.8271409380446715,16774.459075467046,0.7108600463909058,Cammeo
9525.867867957895,388.2744674098361,151.1737595171197,88.39111585955189,0.7580968586631592,11249.478288385822,0.7742795389372263,Osmancik
10818.550930752483,399.7337581305755,158.67392273982614,80.88879498680926,0.7324506649168947,12445.049591177569,0.74172422790788,Osmancik
11338.023481101709,382.7800447640936,147.4983814735151,87.1141461731651,0.7302767607617425,9656.558427381275,0.7197034202667748,Osmancik
11858.014195302145,342.87355628622265,135.73243896558046,99.4608680621541,0.7945776497246347,10461.992861175266,0.7003335802544987,Osmancik
13846.49889022308,491.4320063460333,200.83572036741657,90.28343265458714,0.8671479148667207,11786.864875817311,0.6997583983509946,Cammeo
12514.621401407781,484.42342981135295,204.35053475191876,107.60055963689602,0.8662434011701068,11948.586600825647,0.7346946970271683,Cammeo
11815.501022444263,327.6656454043141,140.3379389790855,90.69128463572396,0.7230979310528063,8807.34269643579,0.7561284228467064,Osmancik
11364.140296054662,383.4860677516139,175.8591441285977,84.91306290372022,0.7600957194997497,12986.160691199942,0.6882630833632097,Osmancik
15306.74071636084,452.6406665458928,188.0526895039986,110.85982116175032,0.8459664870402661,14606.594223337628,0.6330669006368128,Cammeo
12618.807707093236,394.8983024846735,190.570052172523,118.84586305934609,0.8226028997816001,15007.904697206588,0.701608969483331,Cammeo
8981.512135611361,371.67427080584804,137.44654697924994,76.55175360026666,0.7774672937181799,12983.368020789852,0.7810333364340634,Osmancik
12343.87825014213,488.3342578919741,214.11018364029988,104.67693171765433,0.8967035275256147,14023.540873521533,0.6698005400909229,Cammeo
8683.856137031124,390.2566824247305,150.23212884974106,92.66345644172547,0.7126283472584569,11462.53149814014,0.6539670353896502,Osmancik
14828.172790053335,435.48845238062455,207.94857252496737,113.04340242878152,0.8729344794087996,14753.532479236565,0.7008575764937556,Cammeo
14815.51729872161,428.8678109839075,223.15784502387027,118.38183676795123,0.8165749779820156,15525.773693588175,0.6953121535292864,Cammeo
11648.395851344269,444.617778230807,168.0343767968527,94.67299160338088,0.8624783862789402,14065.699599726076,0.6045155808316979,Cammeo
11168.059805966821,410.9606644055113,154.9772746894655,90.23544821684497,0.7890220670554556,10038.124537887117,0.6784041313687794,Osmancik
16583.81894901387,458.67492108504814,212.06755491240412,113.10308746119608,0.8816779466505636,14456.303665885172,0.6121844452210009,Cammeo
13309.018111226384,402.7689959152781,196.6690400233021,111.33770096867065,0.840452738557387,15129.039646544452,0.7418886966048129,Cammeo
10818.496837864333,343.7064531617139,146.57886891549583,84.89356291697092,0.7822760243032332,10671.697628507394,0.7762159639934367,Osmancik
9457.198484790353,367.9439689571026,163.15283888972877,86.1967836601503,0.7537692128590971,11574.39604052308,0.6560487859581426,Osmancik
10638.68943803271,484.56170203536254,139.85815249888608,87.29419289906069,0.7930005377791073,12698.171858607737,0.6868447361073222,Osmancik
11894.647187573872,358.80580406919347,148.7301749100276,91.53469609144786,0.7152228213916867,11791.190157634783,0.679219070396589,Osmancik
14207.817111021419,483.72405031873535,166.10509399702497,101.26379579546412,0.8195833084134271,12784.978647021602,0.6919193753304765,Cammeo
10764.030012789028,422.1109548068979,154.63659184617674,88.14107292520774,0.7646046944096596,10950.463016580865,0.660348501306569,Osmancik
10010.042207447987,401.43928836794356,147.29212343145298,93.27104843939367,0.7929870482293879,9730.490765540524,0.7002512854936545,Osmancik
11030.031479164083,380.1991136044091,131.85739896524143,87.33250941345578,0.7217780801767568,14406.76365010335,0.712019865006524,Osmancik
11178.476663885389,455.886694264584,136.9664844098231,72.52970403980927,0.7461806481562019,12351.383019623729,0.7466634754444725,Osmancik
9650.423788448468,383.9894226661751,158.23624266017438,76.41049072865798,0.7356404735849664,10074.510505943605,0.7103442017114479,Osmancik
8871.265905585187,407.740477252752,146.11118189749234,92.59050477177296,0.7232289654096452,10225.959946469822,0.7694102788095406,Osmancik
8822.934953557145,394.9288429611171,151.66374220452101,80.20142381344121,0.7518323923039824,11348.211679406471,0.7426541879282886,Osmancik
15390.314694808885,458.68986919136006,169.15641299854605,78.78145100991405,0.8773141873918672,13371.219448560723,0.6526228664002524,Cammeo
13485.189916678892,460.4722736010227,140.44635836176207,82.0484844877483,0.7835571705090649,9829.774649653587,0.7554107448934381,Osmancik
13183.97033410581,449.2444523778068,180.41557378465745,101.94384301577335,0.8521296047654139,17654.73143224918,0.7038016883919982,Cammeo
9933.765068100774,380.8314266679506,159.97940143416486,96.82457518685155,0.7031068130244456,11300.831058200056,0.6850413548054356,Osmancik
10502.429161614793,374.2880609168573,138.3023210889259,105.70327178824547,0.740956092726251,9614.22989548737,0.7544332154181909,Osmancik
9760.947297473358,304.8276402154372,139.45831438389527,89.30747965773162,0.7046964422407667,10353.197920265127,0.6658270469601801,Osmancik
13968.18334946094,457.77661316358177,193.26149309769585,84.36809191303342,0.8657353482170129,13704.092245139924,0.6174874611833545,Cammeo
14077.136022914556,460.7373573226157,190.65717207968663,94.64036554885952,0.8546577142032296,15094.464525999814,0.7329272658194018,Cammeo
10588.176631036342,399.33329973429585,160.20095198901063,77.48429406411213,0.7192839608942245,10968.921656367456,0.7209819780326598,Osmancik
13037.267276934057,514.225514352198,187.9061555776724,92.00807993349747,0.8368707170864795,15557.16674277237,0.7102388771092342,Cammeo
16106.409010931846,418.93938802355757,206.08761005964703,107.47910256117534,0.8496258752882362,14082.384404046716,0.6339408645004779,Cammeo
14081.02217769213,467.7635997159323,197.61753634434436,95.27909422302872,0.8562072794402571,13673.774806174275,0.641388404157082,Cammeo
9168.317752793973,437.95614336289026,149.36271837963707,95.30460579881903,0.7497948592582264,12677.512028152303,0.7054606716309033,Osmancik
10290.97904236951,378.84426353164,142.84045129665924,84.39302839451982,0.7429831257513002,11927.463290696875,0.650352121080118,Osmancik
10886.87194748426,418.85961567215526,143.5482509066422,83.8919020431422,0.7660469721364431,11450.257135147627,0.7613465368300587,Osmancik
10522.354417395994,405.458829648734,144.06041423558312,86.92164675156978,0.7071906717316445,9657.139243921541,0.7580401885921094,Osmancik
14902.31963922413,468.95536097116525,205.75981594011418,111.48445709196754,0.8651639760477277,15211.444236591356,0.6849907888358194,Cammeo
14734.011546609041,470.1768337320485,193.9101064873586,91.7311964596014,0.8054332034822904,14842.533379930377,0.7074074959863217,Cammeo
14415.73785139637,505.0626011819103,157.69914829594427,103.25796316582166,0.8772921481876116,14098.972375007434,0.6079147886789403,Cammeo
14056.376712517691,511.1380745042919,200.784299659976,103.69642192198094,0.8697209381909637,13397.042775551941,0.631547783442869,Cammeo
9213.624534645314,425.35538069395267,146.35722809680902,77.56966334838033,0.7162183372407878,10165.872197337962,0.7383404033843822,Osmancik
14616.543141094651,530.1917672793746,180.05648623673576,118.99881934895215,0.8290504505671421,13860.526818241933,0.6532346525229831,Cammeo
11573.744421004412,427.4851470211848,164.08130731958934,85.02518181525062,0.7416284928544354,11476.648376488936,0.7675928777146762,Osmancik
11351.479900352202,385.88067102633363,170.7147185476276,81.51075646794013,0.728428828909546,12503.597502273624,0.7703841122227443,Osmancik
11330.851304615579,396.14276647205355,137.51767536220922,88.992766529102,0.7752727137825977,11413.209129575562,0.7794012744418589,Osmancik
13436.630736878058,461.94086511779307,205.74329072979003,100.88406886291847,0.8522576599336745,13561.741180661571,0.7258770592470448,Cammeo
9706.492374795904,383.27043087365684,164.31735535021232,103.59738644682254,0.7579737114939772,11985.396082678004,0.6595303583635879,Osmancik
14250.636314005707,425.5834653886419,171.6135150549649,105.13600106569717,0.858586478845352,15961.659367831653,0.651762561826985,Cammeo
12817.128744397347,409.9384230323822,193.61129769232852,90.94267699137382,0.8672702994208898,14781.808232891417,0.6845879350133436,Cammeo
12101.322957735762,395.16763159233113,144.206068910317,83.85392867708646,0.7968022172045739,11595.452939148729,0.7563771055691607,Osmancik
15238.958312661376,502.14567186431356,195.61084854771357,81.69367103143543,0.890789879377962,13479.809519433986,0.6407997908016534,Cammeo
14732.444318520158,441.5089884517983,178.66382260760733,84.86285607387173,0.8240398912893507,16360.776816380538,0.6589342663339769,Cammeo
10418.217966607946,369.6407081611769,164.16153808489832,103.21669198442643,0.7947623658520667,12177.635771520352,0.7749906923053772,Osmancik
10863.004510557541,347.00544556425865,143.27086911624167,88.83488762743538,0.72868466456472,10208.164192598295,0.782739012026745,Osmancik
11569.760357198647,386.0981911933914,162.86315838254157,76.85788552738438,0.7052072406221269,11453.447575762206,0.6594894007731013,Osmancik
12220.821298813047,390.6789255803061,135.75607934033107,97.78657446112827,0.7934410794571215,11132.835879452357,0.7447662265479134,Osmancik
11338.68731792169,368.64080318223233,150.4267928883959,75.97549956153844,0.7738295510478308,12094.691683743078,0.7600102774002359,Osmancik
10110.479191917113,562.4033815307517,198.08133988669553,100.75433638901593,0.8247340315819084,13644.815079992222,0.7420134367038361,Cammeo
11861.636124497943,394.29146309636855,151.7500376425846,86.81996700585643,0.7098044538110939,9944.205657657692,0.7039008485773681,Osmancik
14368.75942505193,487.26002789490497,185.64588183717024,92.03974143196511,0.8357121159300503,15296.209432217684,0.7302614285920401,Cammeo
14398.77681437551,456.18817870452193,180.34722654429785,81.9894226584726,0.8335610454269843,14395.220325914212,0.6891362740962895,Cammeo
14300.591420415052,533.9582437978138,175.1291147581554,105.79633173213576,0.8773991378152762,14217.877834448318,0.607552429045403,Cammeo
11229.074688205703,395.6798492187712,160.2296237211954,85.25116692426221,0.7748672175250991,10809.784666667007,0.7596654474505343,Osmancik
9707.374652847737,418.48783714093463,145.7898068390823,95.80891271989373,0.7676093034164577,12513.539329259023,0.7130503083793249,Osmancik
11590.422061251464,382.60849792456355,169.98422301148236,83.79508788296053,0.7637404612261184,11957.909070552212,0.6970051541685918,Osmancik
9907.83636728191,425.45673278879883,170.39323179610452,92.38806892837894,0.7238124843253998,10822.739190722892,0.7470833425096783,Osmancik
12192.735165416414,377.01678349234834,158.62100908165968,91.35680306356169,0.7503691761237444,11381.96055320945,0.7069192070890198,Osmancik
16024.569962087078,451.16143304681344,167.11515528144858,93.58518404777048,0.8432018927594507,11590.299396677536,0.6155151172290725,Cammeo
12415.452064298868,457.82820533928754,168.39923676108558,109.85729995679863,0.8519032280129549,14571.414344299803,0.7454585449196965,Cammeo
12515.659146946302,352.12453428233715,173.55587369657198,98.1285573499545,0.8963499240887589,12880.5674106197,0.6389506258425621,Cammeo
10816.849528946705,439.30134467413603,123.96387098729157,91.46428951521658,0.7851489181646547,11049.508423680672,0.7805295035738363,Osmancik
11039.44704824074,356.2183811726685,149.53508526012547,85.49865079695299,0.7571897522458954,11553.671933642836,0.7690306103343247,Osmancik
11424.393937861012,410.88503991477864,154.1286470587616,101.33742328427785,0.7649153964830873,10308.486752113107,0.7000051757174844,Osmancik
9723.695583461664,350.0166780756105,146.7294633436583,94.83992294750946,0.7448851365652003,12798.345644053587,0.717989265878879,Osmancik
13137.866934497077,434.4904006299474,169.4968195237687,109.69457200526736,0.8539094552736008,15039.325150470484,0.6541612089511556,Cammeo
14256.775892881067,488.3601503035405,177.2421931868605,106.45215585950058,0.8287632729043679,13832.844726132585,0.6788205461033839,Cammeo
12542.97366465472,518.135379084708,160.36800150469193,104.41940649569409,0.8419447993957314,15650.800927885688,0.6339118606515843,Cammeo
14567.885149488255,450.3869840736746,175.26268909692536,95.35382702701607,0.8942724319094113,14864.827325837177,0.6241828217962684,Cammeo
12317.778724649263,513.8168018461992,172.85492630904275,93.31855914461006,0.8395130907611503,14926.243381407165,0.6490192058786666,Cammeo
10365.714152310597,390.0686380843051,143.52833982644074,91.7507160771339,0.7394807282878256,10997.36642891945,0.672941477971314,Osmancik
10183.782755458034,324.1161653670016,141.764650370939,78.825824340857,0.7961611442254447,11332.109554329125,0.7264635600351308,Osmancik
14221.560630238766,399.87428187527576,191.88364680207314,104.52371796249734,0.8595131674905682,14116.383111490723,0.7407473592976974,Cammeo
10542.15161381751,433.05262197666707,140.5094184996652,73.81755617260562,0.7753813712978369,10402.229512069152,0.7161911505125104,Osmancik
14184.470127134633,409.95545694458787,198.2873493162572,93.22255029475149,0.8781321855747305,14417.418053000038,0.6115204572471632,Cammeo
11078.143062969648,385.13628073560426,132.80794452312418,97.87616532620778,0.7312844628005668,12067.771433143107,0.737789131326477,Osmancik
13537.623683765889,484.82688390202713,185.36325303696248,93.07579020126144,0.8095399277313211,15256.634537210144,0.6240338401464759,Cammeo
15019.52251642523,408.9300569671876,202.57736161677462,106.71340076450466,0.8754264973347023,14911.002744337611,0.7252420808541605,Cammeo
12086.686809446759,474.74693235491605,174.2963352597709,106.96954404510736,0.8369280770215541,13963.102831213535,0.7334870064544293,Cammeo
15683.35317312332,535.2809798590014,199.58095333043778,109.19228934575203,0.8644832604022314,14336.909461996229,0.6599278176880402,Cammeo
14578.966898291823,479.5749824491167,166.44249094565234,103.24359281721603,0.8473809828397947,13054.442866493588,0.6048988591176744,Cammeo
15299.661491810333,431.8262523782896,191.83446254548426,106.3472146856177,0.8388165706126995,15602.96014686687,0.7222006507064984,Cammeo
11955.941072773814,469.75202855084797,197.36462427457377,110.85786324939347,0.8051668721657962,12284.966937125266,0.6020523622141022,Cammeo
13430.065626606853,467.4706705790831,190.5112520238884,109.7519762978243,0.8436995885665621,13157.7189254142,0.7266318487929214,Cammeo
13101.816156132136,471.1608610308136,203.91760192121856,94.57326200265979,0.8978525468389141,13417.027125899014,0.690472518018442,Cammeo
9564.090476131472,382.3097796488252,142.69979082384796,85.85735932207677,0.7907463176346425,10053.236879878115,0.6628399329234153,Osmancik
9922.623923015242,398.98943063512047,142.8279878009417,78.49741127730748,0.7007096532494886,11785.921410015313,0.7964117498708778,Osmancik
11603.094684948834,375.6372428543493,137.55520711716005,93.32344714115871,0.7356723169308906,9893.812108317443,0.6645375990600493,Osmancik
11395.819781095923,344.0861577076987,143.85150911187966,73.76608346990729,0.7792662476751617,12220.869934964523,0.7221412412126456,Osmancik
9742.131844091113,413.81455401431447,148.10703620122217,92.78897799542277,0.7182625130253101,12428.195325259841,0.7259824999862822,Osmancik
13395.829215060561,503.76766073883795,194.93143615455222,108.52773675122219,0.8058091952080351,18380.836703384433,0.6695972547250331,Cammeo
10852.97457656915,387.24465706995136,157.30686427505557,86.69117253976528,0.7811104566305318,10902.889854422174,0.6546455905133766,Osmancik
14006.29243966182,461.1497929173927,207.78556231994494,111.73124637586642,0.8827506319873222,14459.129078512791,0.6441101193265166,Cammeo
8810.078295021447,361.472678109383,139.24400809689527,82.31804734505579,0.7060683068950682,11883.983745637544,0.796061387305774,Osmancik
9888.41975048645,386.8697162103932,154.9266010239314,93.97489203835401,0.7702629576437916,9847.033809084951,0.7161132415161977,Osmancik
9252.363490171738,395.9604002864222,138.77284441485088,83.09853346431213,0.7565888605101759,10873.238534201802,0.6754637747310704,Osmancik
11839.468504518405,397.90652435864354,152.91710073192837,84.66965850394173,0.7201399102793887,11447.354218638258,0.7516012769122274,Osmancik
14098.248967263587,457.7221750511573,222.17723691660083,95.64513629430157,0.824189329411289,13021.008628447738,0.7318995323517711,Cammeo
10467.83143687281,388.21754456182515,123.37982687938702,95.34196231614565,0.7405001098587548,12886.136642147861,0.7842650043599367,Osmancik
12057.368305378224,317.20823788394375,156.3227750839895,80.26972168958484,0.7613401846522171,10933.658619040862,0.7117621501385365,Osmancik
12497.431683179626,415.8667053566093,152.01618408639035,75.1109136317563,0.7811967742390802,12008.53614463512,0.6970673214958594,Osmancik
11071.253749910893,429.3350249340787,147.7408639789643,92.65036001673077,0.7928507751943779,13118.640600896384,0.7522190918775757,Osmancik
11332.607510324198,343.0305590518321,165.27084195514283,82.30483898571889,0.7244745079636927,11255.632698764552,0.7386307884461388,Osmancik
11195.481731553291,440.07208577478997,139.44860661105614,76.78077158779192,0.7012821649510605,10986.67936848358,0.7404520795046883,Osmancik
11444.773807831594,392.58332604776933,150.54676657370277,89.1448136162398,0.7677093784783644,11420.528738085644,0.7905423880863044,Osmancik
10950.970659161963,389.3309914884584,147.37360497917248,97.99107994248922,0.7882495105068137,10236.627920227074,0.6578068758134198,Osmancik
14410.107170932592,483.35712741303854,209.52611934098198,91.90396480078354,0.870932082847261,14419.706540181833,0.6616785713804236,Cammeo
10414.072326682244,422.26030205870694,163.2472025604229,77.27373893708832,0.7729889117703598,11281.774749195229,0.7682412812256245,Osmancik
10788.333018068823,363.44253941627335,152.22826296502487,79.79472138105292,0.7355529797152007,10751.502714632703,0.7537795862241267,Osmancik
12283.830346447241,530.8320254254204,176.44138537802814,98.24114187567663,0.8771626910978608,15219.22658598022,0.6038654398146527,Cammeo
12007.13333647316,372.3031573061133,165.49528606819055,76.0259911771529,0.7000241004685134,10866.614650632568,0.7881604229449373,Osmancik
13960.766302287087,494.8982931312058,207.60210786227987,96.08351432578209,0.8862640471149179,14143.808993621904,0.6041778361231611,Cammeo
12755.304614808252,531.9074610739809,220.92255364954596,99.7347874075094,0.8737884984834606,13999.471644773277,0.638172199742739,Cammeo
14072.276251929232,471.1987450527928,203.0510159603313,108.83109777147159,0.8472281804162982,13089.304315474863,0.6820043523108195,Cammeo
10781.346722564964,428.7193338276764,154.6484577675959,96.62204436100947,0.7265587598307359,12650.83323056895,0.7841137053886769,Osmancik
14054.686207884577,476.33011022857886,188.67576927473118,99.80580394112268,0.804997902865968,15032.691634747347,0.7128596823455682,Cammeo
11212.73977585766,387.15527306157384,149.58539251255243,83.30892616145624,0.7246965412467062,12199.03682411216,0.6934374057006091,Osmancik
10436.052511941756,406.0887272855157,145.14765608771972,81.20657459916828,0.7285579616238637,10908.428507175584,0.6682833818120538,Osmancik
10586.384334370357,351.62907791340643,167.96052488935177,88.47602116873044,0.7633889461832442,9983.786278521646,0.6656720475130937,Osmancik
15151.124991302248,430.76279840232326,165.7965790318489,107.7966053226934,0.8712621333098514,15566.447216396193,0.6405965912972649,Cammeo
10977.721020816287,363.36691465384376,158.6628418252577,101.18072184455585,0.7241764507479681,10327.908945239831,0.7262808337246562,Osmancik
9627.140548518935,371.7706096387958,144.5563633488998,73.9552103528028,0.7666708855396457,11519.571460243062,0.7724050253453103,Osmancik
13218.07958287302,391.8966558304864,228.69564006481477,96.96820217165725,0.8843649664051824,13380.585716774358,0.6796941027526398,Cammeo
12194.59222051373,399.55563014396625,152.63162804640524,74.27148229358745,0.7413342459871192,12243.952978027417,0.7495043916434739,Osmancik
8070.551309997732,372.58055092338145,165.21181813425568,87.6148432048835,0.7532360234861315,14519.997101720663,0.735270830323523,Osmancik
13627.679892087854,495.58523182493747,185.42162943467997,92.8084668075758,0.8580088834669455,16532.43736648174,0.7356364937111347,Cammeo
11252.568845996624,418.8091438884441,154.20444259663606,81.4116573077771,0.7366637700096457,9925.1976264517,0.7882590004177492,Osmancik
14853.937853706668,447.68887060187996,209.92291212773586,117.32514999485092,0.8274071589342191,14954.74003193828,0.7010758347405007,Cammeo
11073.196991001694,389.7213431529655,158.31322838218634,74.58729613757335,0.7653994221420248,12253.906154110513,0.7039314716780005,Osmancik
11664.927162301741,373.5539910549968,143.06495067800748,85.55495842126456,0.7003656311344649,11653.420617833126,0.7782664132996161,Osmancik
14387.262272405707,437.91107822876114,167.81632646838807,102.88693629279857,0.8973078162972333,16782.118407810136,0.7329129163220275,Cammeo
14532.583313775474,425.66568879275144,179.42482216362387,116.12278257988646,0.8757310207134439,13319.916965809003,0.7092556281509469,Cammeo
10034.335196476792,334.44471805276027,155.9568014128073,83.51260415240984,0.7427112446419334,11041.583301326928,0.759908512311996,Osmancik
8467.753914780315,380.33915536523824,160.16258524661896,92.4259655307546,0.7130881138553575,11016.007348165422,0.7294713585605082,Osmancik
10325.065981209447,347.5419842422744,141.97985766183837,80.85397888911038,0.7482225230337326,10848.429668997296,0.7818321718869279,Osmancik
15903.220179374423,475.2079140402385,200.62163015032885,84.95279625968998,0.848089014660301,13188.878910700929,0.7135924467413252,Cammeo
15046.784764064814,439.29554803855314,179.96390892010126,94.37831973421697,0.8370941008157765,13828.641462946156,0.6234302261895899,Cammeo
13089.040806135563,487.27565958505244,201.1314305801396,99.73594243041073,0.8078455816317124,14166.966321756005,0.6701521818727315,Cammeo
13433.68176105268,466.83461752511766,187.22068511683437,90.64561297955404,0.8806965490883993,13545.574061587955,0.743717701337915,Cammeo
10171.803727034765,430.6671880713104,149.40143815046258,89.04926124368569,0.7132574077484483,11531.403824894976,0.7964030236286742,Osmancik
13303.63875210479,386.59558062353574,156.54944056238827,73.86433295238615,0.7831245805089943,13049.443925431002,0.746728406514459,Osmancik
12181.770725361737,493.625741959549,187.98974249990624,106.55900776529761,0.8285758324592707,15031.189500012299,0.6407931839097298,Cammeo
12311.043470748134,558.2120055964358,204.0147986685891,91.338251517855,0.8875883083517058,15610.168769517892,0.640226155161737,Cammeo
11876.455645502936,354.8329873969008,161.67721873218088,77.17200363306715,0.7803212123244093,11322.117113556009,0.7814840736183076,Osmancik
11207.802507353314,406.44958882663497,126.6052593869476,81.99493067387571,0.7213537477883951,11046.27216669632,0.6549199811415344,Osmancik
11017.613251933657,404.80680613002875,152.99457827517693,78.45115978671937,0.7476056702151062,10290.179032197138,0.6948008236081324,Osmancik
10475.432986232949,404.82191756926557,166.883216950701,94.27871973110675,0.7804374414137701,11556.347246682431,0.6877722053013697,Osmancik
12229.21478429705,372.4527703974669,141.60605735798828,87.94008328432481,0.712710261377074,10452.099316998441,0.7385639154661837,Osmancik
12489.113108328289,411.31647306893353,138.42959914292106,76.03962062024102,0.7426318293990701,11404.083149136293,0.7593305764232894,Osmancik
11744.185710315034,428.1567726581597,160.05317065855908,88.62868418807375,0.7150610953068519,11428.23636321371,0.7993703551669878,Osmancik
12331.339061988403,369.0540097616685,138.18559139421637,86.08739653774678,0.7240712585663507,8930.896368829392,0.7412857389760962,Osmancik
11418.205755887971,341.65297922691514,161.35043572420975,96.31349830664873,0.7918521530443121,12052.57952946985,0.785877408499896,Osmancik
12897.767016745976,399.2302996020334,154.275033464473,90.51331565659468,0.7445729820902869,13696.418391390827,0.7457139088694679,Osmancik
12399.594645145793,360.8962721886107,155.67645938592258,69.70946486669996,0.7477109817693927,8870.891146148922,0.6656990950861844,Osmancik
10877.942867878723,354.61621006476656,161.4940755732992,101.54580833204659,0.771995953936948,12947.907396836563,0.7770945118303242,Osmancik
10834.368589682368,385.46102339302433,158.59047293629152,103.749232422501,0.7905756790636448,11522.508448383342,0.7988138280543231,Osmancik
11194.051943605875,385.65286262755706,142.98653649779473,72.55701012927005,0.7834956775052118,11438.491527234455,0.7482411656850982,Osmancik
13397.891547698557,469.92882345201343,196.45062470786604,106.93105607263143,0.8166953088747199,16389.238862317347,0.608340828252069,Cammeo
14605.984734776548,435.00725689217285,181.27478629077035,100.70052163113182,0.8711722805746049,16709.944586949296,0.6646952559511522,Cammeo
11977.8155496862,405.1872296791778,144.46596321558457,96.02775701969203,0.7206871875422287,10581.190814702712,0.773932606366283,Osmancik
14787.864330360595,454.2255835230423,185.12752924737066,111.39878561129045,0.8265582832958607,12056.098299319241,0.7235328339917728,Cammeo
11216.624975404618,353.4815192333856,138.3105378454036,73.83641196195943,0.7708900006251582,13182.131690109867,0.7685389855912541,Osmancik
12534.987620034773,461.89594685265655,213.6098014493505,84.05296932733205,0.8449349742039642,14419.151677900896,0.6351638400017272,Cammeo
12121.85785623047,378.0696091915619,151.85392398714302,90.02085038049465,0.796154372288111,11395.718128431625,0.70367617379623,Osmancik
12932.582684449371,509.8434076999052,201.38392884680147,97.61067900830305,0.88470608269839,13296.947986122537,0.726136306560436,Cammeo
11522.250636017778,416.62511902242176,152.72021098193517,97.27585681435612,0.7121155461260985,10643.415736794832,0.7532439497640883,Osmancik
10857.853463059453,419.5912951771781,139.725961912059,78.87103335511463,0.7556709256552854,11354.260982374328,0.6942663290276428,Osmancik
11266.818396295403,378.35270839435384,115.0289281221967,85.40182159332544,0.7383058806421003,9642.81256679056,0.6723902019003871,Osmancik
10052.107282731014,357.13441833463315,165.1382310304262,79.5309257417089,0.7836118615545042,11513.766809672057,0.6932228203666105,Osmancik
9361.970942563983,389.8331911905579,150.31445703328842,83.20117555364118,0.767130442356428,11072.316951991794,0.6604468801622398,Osmancik
10123.226218788155,347.8331083843114,162.69377016984956,90.86838250804692,0.7048464232475822,12466.158200538397,0.6885677755998042,Osmancik
12243.782062241458,439.59934404581014,188.78925129837125,89.90269295290062,0.8644149221475916,14440.96541668809,0.7036583719108892,Cammeo
10757.318723187967,368.70633023299393,152.30277283047644,85.60555952004074,0.7557879183577886,11090.509195477862,0.7255355111605333,Osmancik
13048.975113880759,386.3650307467342,184.3130838851877,98.95550781462528,0.8951429810361833,14756.479945320569,0.6810444797685461,Cammeo
11502.744807490815,455.0980976424163,144.14753552461505,84.53673800098473,0.7320563224360924,12683.380961995295,0.7153383737019063,Osmancik
11428.316692375238,428.88189185344186,147.01113786416352,89.24820875915368,0.7164063588265335,9354.044665886662,0.6903679628957016,Osmancik
10545.452281256556,450.4582533138192,151.28933249209072,82.64435393929573,0.776876418072116,12667.746376905878,0.7184488885733599,Osmancik
16357.670159499667,485.7089103947018,187.9231602402434,99.45105999383713,0.8674019919058793,13063.678369018724,0.6214922188053962,Cammeo
9454.270213309266,374.15108860011065,136.1556926239217,75.50930858312117,0.7113243451639819,10635.777872757495,0.7185845629429317,Osmancik
11731.380252574992,381.0787176227068,142.29999815843541,80.97144304873825,0.7573975175031742,14206.213101541882,0.7344245355821905,Osmancik
14618.042320650391,408.7828259001487,179.47012468289867,106.72573701202731,0.891748584313199,16060.10264335492,0.6158811477319693,Cammeo
12415.72015157523,502.66698758356614,220.20080871289935,95.63614109473431,0.8265326137555468,13866.636202446594,0.7401649558130162,Cammeo
11320.785725932685,343.87245610652474,159.70703123271264,89.87620836166882,0.7934822040443802,12804.887285537461,0.667690801231135,Osmancik
15624.646848998496,465.8685474573329,175.42578942234022,115.98647170504717,0.8102515964066475,14735.854606148163,0.6024300596009201,Cammeo
12376.496450019538,417.97304612864,154.44254267930089,91.62447051914647,0.7819398230966493,12649.73805675376,0.729845654577225,Osmancik
10165.676954508417,363.5773773119181,141.99373098266994,82.81016598266592,0.7264967061555443,11137.925750716344,0.6854011895485568,Osmancik
13715.81767191199,466.0120704584751,194.18491243335703,101.90499679779066,0.8957934121056771,16157.337553662339,0.6628774313853182,Cammeo
13719.015950331997,433.9742972351269,200.47334970420386,98.29815377475072,0.8808235210009222,13301.582242937093,0.6075364514734473,Cammeo
11687.065795858916,411.0210183636175,148.79429135313953,68.40410919186951,0.7540765631300543,12669.021676390781,0.662455813671528,Osmancik
10392.645566787789,445.6650994438279,166.43641329185022,98.30986265714779,0.7931544407106521,11540.860307441573,0.7973978617240354,Osmancik
12352.202678867145,304.3612001128683,144.1905780649822,80.95227040809716,0.7065829843363154,10510.12873801991,0.7971544233672615,Osmancik
9423.003517809002,410.78572752712313,156.17860315291645,78.42339190537658,0.7057099078445176,11803.056709195442,0.70452716860539,Osmancik
10204.442932059117,375.5749863146406,144.9908354161268,68.16200395424788,0.7403038757907132,13138.482332981224,0.7221688537725268,Osmancik
12103.877343316257,369.896543986373,140.84976913024082,84.49881422302543,0.7160984431687375,11795.545296155839,0.7303282874128946,Osmancik
11051.197901881085,404.17891037530217,154.95598694565356,82.3592784663885,0.7215359282854609,12407.403078349771,0.753975404038077,Osmancik
12897.288694773111,446.71322055467346,172.19234569663658,76.76150521166524,0.708291458139448,10223.55277101248,0.7172256270531978,Osmancik
14006.136147970954,442.22826959695556,203.74491512053723,100.20793707675408,0.8956799815484286,14482.010930077491,0.6276948686021053,Cammeo
12920.367502144261,440.36024020117696,149.92854348944724,85.67573429111958,0.7239948903723631,11791.679888710838,0.7956357067174804,Osmancik
9627.534452115899,407.7770182154199,154.5528647712613,74.80614304738563,0.7172757318281087,12489.665494929715,0.709645247859913,Osmancik
10659.09212265392,404.8096454292945,150.5699216190197,105.39207766974178,0.7159749460233944,9687.758756923695,0.683172141516604,Osmancik
12718.855484740887,405.60575436080325,168.67283999887235,84.29123847931501,0.8920994521096576,14032.481425811799,0.7298343574758305,Cammeo
10138.296929743741,385.4903861918438,175.11837518651933,87.23267086676148,0.7790131373726109,10594.77431375289,0.6800703571649539,Osmancik
15268.546671462698,451.8781845582803,166.35411764523627,103.01791899819466,0.8775346150403136,12411.449769039717,0.7327282676544007,Cammeo
13983.803330314478,457.3568080541073,195.98834683907918,103.23167714184781,0.8122920678465388,12509.56024667756,0.724028784145913,Cammeo
11123.07820165618,403.4590729354358,154.3219702073492,85.15566604415106,0.7362181602794151,9655.768238905392,0.7242242684932131,Osmancik
10715.844902071203,333.2996948645117,115.94992270323145,80.28438080049025,0.7984321978814042,10379.200853023456,0.7528307930843935,Osmancik
14429.34483241794,439.0910791792384,191.8783675397186,103.50630099273559,0.8811123769933471,14444.329604294953,0.6604811634199879,Cammeo
12896.690918919436,419.5158249895933,186.33765047064026,96.65224667893459,0.8014693388654954,15046.122837587394,0.6892271069252864,Cammeo
14450.837622014806,461.9233978664553,191.80046990077392,115.43243528272188,0.8640476042175844,12775.586233195592,0.6848672332261494,Cammeo
11160.48962397348,370.50519343507693,152.9530033837969,83.52683347453439,0.7154842681620227,12814.899030155017,0.6958120247814127,Osmancik
13123.560041939436,467.83381020390726,181.6376232248825,97.76534017628148,0.8445541638741891,14608.974616308169,0.6944730981652062,Cammeo
15057.96770833934,461.07543355978123,208.93876155140774,104.31922544673941,0.8980368740942185,11743.089801574413,0.6603040825332361,Cammeo
10468.545448640785,367.85828749015826,166.71817509521887,90.83250916001892,0.7531339953236609,11301.220939156023,0.77243417777942,Osmancik
16627.763519861208,459.3430841570899,180.91576690394703,83.1656180777905,0.8806693519694739,14232.382739855557,0.7465919898849671,Cammeo
14337.19024128204,457.19337154165413,173.4495009073919,103.19174510419181,0.8993255015422964,15382.885608069653,0.6992578023965935,Cammeo
15415.156620876593,442.14265541797886,212.92702639618798,98.3185618141521,0.872705676161539,14348.204309466179,0.6643593553953999,Cammeo
10872.34531848181,455.5229020014137,163.79606422654496,91.31935777744681,0.7957766658176223,12093.096648196199,0.6643631297995036,Osmancik
14590.303005807807,480.2909612442919,179.8342694537184,100.06422269810938,0.8042422298206892,13145.342264083965,0.6302292567009469,Cammeo
10922.556539274006,348.2933422453961,129.0933396883767,109.61488296144402,0.7355015266136247,10220.541469830789,0.747175555791234,Osmancik
12949.25809593829,437.1528404086881,205.36093788717193,98.36933036056236,0.8422728636893932,14683.634282113702,0.6810449110142249,Cammeo
14976.220660843604,408.40156401035784,198.96100104774786,120.62524919243145,0.8124368399000511,15115.72169985489,0.6798437813927182,Cammeo
12672.398031192766,494.8449881372677,207.23148550558156,75.75759739727059,0.8839338492356003,15386.667685426406,0.6515080053266467,Cammeo
11237.694602317299,432.7579337010048,180.85325643520926,70.5961136533572,0.8783759842484108,15385.767363575833,0.6001668141294281,Cammeo
12063.940987560856,379.9083916376659,136.40658058478706,80.9901271376783,0.7156529213415741,11493.765497076462,0.6730623968154378,Osmancik
14119.58163810517,462.2289964915478,189.0379248011051,100.67855510527403,0.8367785987756153,14727.774844581065,0.686528607169905,Cammeo
10307.749670734103,397.01544077368794,143.5829199498681,78.45854082715893,0.7711121817015286,11370.01396764617,0.656049524157727,Osmancik
9846.64948940404,360.19923901254145,138.18414258183284,68.5971403417264,0.7661466205323652,11375.208722564425,0.6677692557641723,Osmancik
10014.196191332174,382.71903756524154,163.75233090016098,98.38691156922019,0.7040069086348266,12554.074631144676,0.6578403001342396,Osmancik
10285.319323009568,334.74306681126427,156.22645416528147,84.18404226691254,0.7769973618206601,13355.463541079303,0.7954159063513818,Osmancik
14975.030986873038,508.0485568865578,184.56338587895303,107.36843897092433,0.8246823869201902,13745.930786218943,0.7403226770291244,Cammeo
12068.379333694016,357.04138724466566,142.63694873564646,70.43391777758387,0.7038799454728887,13490.507460258596,0.668040644469291,Osmancik
11930.09860098436,436.9291467772667,216.03945704747875,99.17319314157301,0.8050226011463975,12810.544391994123,0.7086897430271444,Cammeo
16238.929413373708,460.55717167651784,179.67774482233415,101.68460976269614,0.8770158211757096,15827.798284058217,0.6379287177375167,Cammeo
14886.159895994493,493.4276844826057,215.25891537186803,99.72485094949364,0.824193168031553,14469.38220386349,0.7399807631638959,Cammeo
14092.841969177141,450.1129046991761,181.53628602013916,111.88913371474644,0.8179364682012211,10928.243704457194,0.6177327933436633,Cammeo
13030.042057573819,507.53573093792335,217.39014570320404,91.94129933503811,0.8984858402762476,13529.44814949769,0.7190727155862059,Cammeo
13912.605304811752,445.00716769801613,186.63050275004463,102.0115965587284,0.8785189543148408,16786.206629453674,0.6984614405250985,Cammeo
12451.001438131336,412.97634838441843,173.3423408913232,71.46183334685337,0.7473773292514423,8754.551527399884,0.7164980481159048,Osmancik
13072.609742554914,464.5691059464816,179.89764063634198,103.31980330569014,0.8134274850902276,15666.186055953272,0.6062872825074386,Cammeo
11904.017554761314,421.6195731354863,150.1697911795891,87.3134693849498,0.7038812947811802,13615.827172404142,0.7294750833443105,Osmancik
13187.69359963285,506.7112824663923,197.41045279424108,91.2201741324344,0.8629557696891736,13846.132798283254,0.6015426743903538,Cammeo
11007.178466907942,405.7961005101692,146.21644013656652,86.0988198352563,0.7034297901303311,9820.484067676265,0.6690550363959847,Osmancik
13614.336990016407,420.0658383704484,185.46295470267808,101.08559705776523,0.8940784520503108,13869.10241402177,0.666316055201958,Cammeo
10802.062271015318,366.5653086560666,133.34557739453038,76.74426972922257,0.7317259174356867,12010.479462303481,0.7414292764631095,Osmancik
10951.911492669227,380.39106586390074,162.92217773589218,109.90328160835074,0.7801913952836127,10914.14397383829,0.6546762363667882,Osmancik
11045.222708999983,390.5405061613334,130.99693932254905,70.63485461895988,0.720056465958807,11796.058898254125,0.79403995377381,Osmancik
13168.508485687214,502.12611413331615,188.51665520213285,92.48030668261181,0.8950928594502549,12503.756239830762,0.6203189305192036,Cammeo
12386.349397262844,358.5103350327018,162.6466986275506,67.23663192851899,0.7509985079313497,11529.154759488152,0.7709145121941121,Osmancik
15101.43433646573,405.9326157753467,202.50293442413388,106.77875319530908,0.8190107649783728,13652.284444829022,0.6487816794414317,Cammeo
10498.215807188468,348.9942491015752,147.43118762726567,90.86263265457396,0.72918671770364,9571.732413770329,0.7702057303195455,Osmancik
14042.316262366074,513.1661012052973,171.63552645565952,102.85554074857657,0.805183579911973,14786.703855118027,0.7072078250253054,Cammeo
13048.552601285188,504.6918332635251,163.58855861266272,113.74438093170818,0.8624874099607,13411.558839635389,0.6134815277604241,Cammeo
9228.931446911909,329.34604080114156,122.15621282123492,81.72159004965174,0.7228100377902384,12549.542630538204,0.6597501183423333,Osmancik
9520.555776860276,396.64675420872635,123.94114314287464,98.63281662447294,0.7766768356338336,10673.936981460212,0.7060908070405663,Osmancik
10503.067974882022,408.5665889406946,159.76777032237288,80.40719459773122,0.7878252467732347,11852.74966574222,0.781008718686383,Osmancik
14156.88869274331,532.4979423198771,208.54139762815657,105.51485376040468,0.8012103116776108,13336.409205040414,0.698925897247699,Cammeo
14672.94143164188,501.96036903347556,183.5589168831212,104.89187130147664,0.8635954707163729,14575.429555250914,0.7250466015712759,Cammeo
14944.501524490943,438.12564235038434,224.36413858886112,98.81931473008922,0.8293308610780565,15006.498430582174,0.6716025597183601,Cammeo
11574.071220894002,347.3107522421498,152.3930878318412,89.95791027762294,0.7861843823294831,9963.713250522493,0.7831726460503728,Osmancik
10938.996028144617,371.1034634290857,153.1874039180704,88.9021985686747,0.7910834226989755,12500.98587298211,0.6851726010174756,Osmancik
13280.749972455473,444.2664475069056,198.0497912879093,96.6618051024399,0.8932924862569672,13295.292198498497,0.7487944120857964,Cammeo
10697.819413017378,430.87688558137353,135.66572472280757,75.4162685662619,0.7460582550694667,11696.405587495346,0.7030216212692568,Osmancik
14691.86835566692,441.90774723003693,188.18577777088328,111.24112719986013,0.8056585656146716,15195.262537249684,0.6890192074057085,Cammeo
10772.523740046592,392.16836896152864,165.72230289697077,85.54457815398897,0.7208231808608214,11637.028430280756,0.6878379250782756,Osmancik
10964.174421293537,401.79921150015974,147.22716627050784,83.50656830149244,0.7955980058826073,12148.541974394144,0.7377135212505957,Osmancik
14484.861028177445,535.0718325023226,174.40141109311705,90.46671391741287,0.8052355020187473,14136.311780955415,0.6431918014013989,Cammeo
12230.00057271915,348.84770612209485,162.30130983098127,83.86681131191898,0.7086457507120152,10990.761966623106,0.7162301015568345,Osmancik
13307.715613205117,504.3481432233163,178.69873194480724,99.85547729121721,0.8583772780514112,13655.305205097253,0.6846347725026803,Cammeo
13834.082838594579,536.3766656188052,203.86950524369152,94.48814283671467,0.8066009844140242,13654.968885271031,0.7365908575821632,Cammeo
10841.84615562768,406.75009269635115,149.54528301939803,89.03430282707419,0.7481994917732867,10353.167518127999,0.6520923528037867,Osmancik
11322.082310766986,419.9289623076073,134.7600168312735,95.02032584823385,0.7483014112843951,10449.667319437027,0.7215130813262493,Osmancik
12796.360822926963,380.69076883845287,146.19179409308958,79.77056687490065,0.740789423678019,11347.344957935426,0.7100232909298099,Osmancik
13736.393734594985,473.53985629977655,184.7702179838821,102.00569197230944,0.849381404045693,13478.218157574524,0.713080212406487,Cammeo
12874.609952101853,484.2403980538256,190.60887536805825,97.58742345381458,0.8345192208494211,14774.668799963314,0.6383004560644866,Cammeo
14987.053894523828,433.9265556879136,182.7522030655094,95.33963498131757,0.8503083950779836,15243.674674228387,0.7162866077752423,Cammeo
13511.556551584423,395.8452702081041,138.406119319555,82.82948017545363,0.7642110235025521,12216.963525321084,0.6571123454210127,Osmancik
10669.87990603355,399.49074964608434,144.5084010079486,90.84767181100973,0.7661860312215005,11695.712872639468,0.7408548860689814,Osmancik
14823.261751998127,475.0884750025808,173.45187451417476,97.13995778119889,0.802519341395923,11994.025646850707,0.6089914951291963,Cammeo
13363.690857953072,456.71395286429726,198.48264468447317,94.04338705956508,0.82504678987925,13734.473125239696,0.6104091128856275,Cammeo
14268.9109781725,471.4346156289962,189.59043190735102,110.32546204341658,0.8224293483285046,13030.200064581215,0.7009638196366825,Cammeo
15162.373988639467,440.8937021293953,189.44166645235237,70.78649516505392,0.8702540501534807,13503.346435881647,0.7326880332344421,Cammeo
13323.53053663523,451.44044623097966,192.5562433356323,97.9188314272746,0.8409412071817018,16690.518562321064,0.6591858472978386,Cammeo
11072.874098015514,404.74516941740353,138.44818785697228,99.4114407941319,0.7018358383999224,12506.942210767082,0.7326976085994221,Osmancik
9973.630792334108,419.36668675670336,173.38011173747776,90.48471797038734,0.7304307591820864,10668.509165204003,0.7702463884747052,Osmancik
14278.459924829163,479.69805056032595,167.72653047325144,89.72324859074043,0.8654650686865955,14945.039184836507,0.623084985704066,Cammeo
9159.922255494248,359.4091404087343,149.04733890713158,75.26735356691432,0.7298150356276556,10638.760792064268,0.7701757254942988,Osmancik
13862.31627023972,408.8169213305719,186.94629459846456,98.31178276809989,0.8994819293965951,14904.70127547575,0.7266998863635337,Cammeo
11704.063706410643,423.6974535183361,179.6621827286565,81.3346338292694,0.8707086477266699,16242.599367327452,0.6074421560008256,Cammeo
14025.204609959312,400.5775850785211,170.3224565147476,91.08807774584713,0.8581622292989194,14531.073956270442,0.7064158296950962,Cammeo
11505.965553455866,344.01898320330207,153.54335928745041,79.54895811944341,0.7850580197306599,13377.280633575683,0.7658783887643817,Osmancik
16251.405007059064,445.62831636851763,213.4226679509028,104.2406104446409,0.8167321304001061,15123.273973511883,0.6641229681135402,Cammeo
14012.279673223504,498.90217798506916,185.25387325457797,101.94607455237242,0.8228676779603609,12722.72085160168,0.6271774918575124,Cammeo
14986.472191993387,449.8009113031658,210.76409227765777,90.0069776770509,0.8001353625715468,14926.167524696011,0.6313589060560268,Cammeo
12194.762861876938,376.3561584786692,149.8006758920891,72.34057620781088,0.7383481122575043,11235.407530184908,0.7154321625680068,Osmancik
12001.824853681937,386.0359023329536,150.18219531048518,95.32606739297943,0.7233624763648566,9923.680949702954,0.6696396878190166,Osmancik
9223.988245951597,382.12021439051495,139.19291576956726,88.5791514965518,0.7904113660479506,10403.768396894096,0.7274371734800091,Osmancik
10026.621161972966,407.8647269291777,146.6694689242134,92.11323059830245,0.753355443355358,11778.43514220469,0.6955585777447739,Osmancik
13092.379105658836,459.8558984363773,193.3702708862783,109.53125045376086,0.8750939798363319,13282.541712773525,0.6141628346490722,Cammeo
11277.358461964675,387.2488192756462,142.01493242244646,71.983960633066,0.7262416081696215,13381.410936916374,0.7127674245763187,Osmancik
8847.61645539082,358.7226691598827,163.91257251960627,71.47462697914838,0.7677037814882011,9849.134651867238,0.6809304073852669,Osmancik
10584.786232094728,396.9552627640454,139.93328791169117,85.64866034320659,0.7747651824564978,10605.976082888432,0.76749351386583,Osmancik
15038.906233004145,461.0436420084333,174.778649039607,111.6187830260819,0.8981143731791822,15893.00609790535,0.6568560728074553,Cammeo
10035.294574249285,438.2634256720312,142.15321934009307,94.33096436535402,0.7001428343079177,11937.281435732453,0.7235920363847299,Osmancik
10174.346317197858,367.59230144789495,157.480885659359,80.7663919215079,0.7778515880061664,10841.917723427172,0.7065877978573544,Osmancik
11706.078913815132,371.57030567711115,161.29418239703963,78.5489845670556,0.7287402533845483,12425.12561870584,0.6725743247108878,Osmancik
11175.286778933923,371.75320477665724,143.03980400815578,79.75449824430845,0.7855925189591298,8854.068415269083,0.7515610568987672,Osmancik
12182.183330376962,477.7705324594416,175.47483317704547,97.41095026295923,0.8544482332800263,15005.906954368307,0.6843283216596787,Cammeo
11232.786742940163,412.4970071827113,137.15770124526802,82.55848923615399,0.7198929779795038,10511.769162733484,0.7249427617998143,Osmancik
8894.353058159675,433.4191709817542,159.0787760989577,85.92659669781557,0.7358219041243073,10874.804222512465,0.6841448803729089,Osmancik
13701.156752532346,384.41837076217877,199.7242065076579,96.11481546911114,0.8332456157148712,13347.314801031505,0.6950567399648293,Cammeo
9828.345652682438,395.5924850923214,157.9446220171017,89.02472294898998,0.7957979353248891,10782.776327336158,0.6559566811358372,Osmancik
10372.266093915494,395.4318822831325,168.1095721608546,68.27757680917475,0.7808858539033565,10253.697192573249,0.707460405458976,Osmancik
14397.516117684278,475.7780856951319,198.1540023189165,114.92688568959522,0.8046851908527604,13308.950509874385,0.6509957795689872,Cammeo
15973.96125620154,442.1526626714088,178.2265253037664,99.81291243554102,0.8685443883221902,13409.838462018599,0.6992751877670997,Cammeo
11502.784426895194,360.95862724469265,125.23916217024654,95.80681864559205,0.7992832131681976,11140.633581857324,0.697490365224112,Osmancik
11421.546083536561,386.6756231916274,141.84923216168454,72.34221466602818,0.7932648100542479,12478.667529139142,0.6933214954931135,Osmancik
9826.120035591028,380.4528741677214,163.73151682271927,75.12390401262083,0.7475170866022628,9239.214565649921,0.6874938471859243,Osmancik
16546.58743641516,420.9650698809067,160.09396536142816,93.45924316872576,0.8792595116288383,13083.477051454895,0.6058904121362478,Cammeo
13729.068439416158,481.7344076951974,181.39449994092132,105.82097703468615,0.8929228053631855,13307.246332681458,0.6588140365356859,Cammeo
14976.211563200766,467.862191060463,198.36715459527792,108.96839315865532,0.8282478743977028,15858.61501631018,0.6816297993755553,Cammeo
12562.546528893381,477.9083424006926,200.09772026904938,102.23238914129159,0.8012156771477387,15583.3340853144,0.6609885806039209,Cammeo
12830.381995727214,437.05351972479053,152.5089142768964,113.17115067339866,0.8017552363366629,16932.254727983316,0.7231044241150169,Cammeo
14238.871634688165,430.91451296700524,224.7899430997254,93.88230909094715,0.8321669989659549,15217.989918983381,0.6460824625531906,Cammeo
11145.063745959382,405.1344976914905,155.68088898854958,82.94443899902575,0.7264816321778319,10444.095735584015,0.6994067100551327,Osmancik
15027.678553188167,506.37319213456993,169.98961757622692,95.25096343377476,0.8075605040616751,16090.639547144216,0.6102675678849026,Cammeo
14180.47254377145,533.8682930294414,194.48938870609737,102.80161158819607,0.8544496959103866,14186.053320367988,0.6929084954049752,Cammeo
9777.104980444436,332.6507834804473,159.408033351729,76.44596404995936,0.7083379053768759,10597.555592340466,0.7060408489301089,Osmancik
15533.212186278211,523.098131190539,222.47503517351626,105.00844474944456,0.8345341952244888,12190.879766493612,0.7014725624280906,Cammeo
15775.932966668031,378.33060526302836,228.37298928502378,107.54291329813574,0.8518700994380596,15094.992561869618,0.7169731326015102,Cammeo
13391.668189554644,475.29638984736204,207.85969412179512,100.92844901141115,0.8693618057473795,13809.737832844447,0.720814849394998,Cammeo
12466.540859278603,474.43963333417656,149.3113115639815,84.82372108796584,0.767730068633566,13754.648802130523,0.6786577803063024,Osmancik
14656.516857404045,510.23024502294084,206.28843348747367,84.18809297967867,0.822085278296301,15002.851076895964,0.6459649234055057,Cammeo
11292.715482141853,366.8229375373128,156.0017163973666,73.79943421453592,0.7071735343747425,11168.418413194351,0.7757932694297086,Osmancik
12139.203882720642,392.3014148114072,194.82035823175408,104.84732817294474,0.8111512212321277,14977.726165116595,0.6178063643263667,Cammeo
10385.877434991684,426.9066652695236,152.67783665697237,83.35497717085401,0.7931490386918927,12202.608853176687,0.6842638778462631,Osmancik
10568.874430424901,397.30590612559035,147.2474120177344,87.60462253429657,0.7910824220330397,12640.328236358855,0.6598838247547959,Osmancik
13718.495439949824,475.0920197217941,195.1973271384699,92.71997058770866,0.8500401145710201,13603.353893716574,0.6513161431295391,Cammeo
15741.37232935405,404.8272308794189,169.42148285602966,96.91965715814258,0.8325295134023032,14829.114809449375,0.7006906237843699,Cammeo
14394.501331591622,426.00622522140833,193.5818373853977,96.32972160916678,0.8666385413578207,15400.794209941094,0.631867091579321,Cammeo
13335.620833583382,482.7906912092881,209.34629131124117,110.56056809066052,0.890608706048126,13787.2505665974,0.7375902099866521,Cammeo
13985.303872583703,406.2219795586289,212.96126248515546,107.08214423256557,0.8591130303258516,13123.42013682642,0.6506181418446343,Cammeo
13621.676906431585,458.49461190300605,185.57575482561958,94.64671814046078,0.8630921790229164,13713.831936100323,0.6235219057975209,Cammeo
14737.00004005211,432.9443079176292,215.0485675652711,98.02661579692673,0.862129244904961,16033.642770868923,0.7188286792202514,Cammeo
12908.735054246314,478.8587342854398,207.8054545834057,85.61722021682634,0.831562734376335,14168.557468380193,0.7347579699876052,Cammeo
10926.027136405623,366.00178479894197,153.8920825201784,80.44440180406312,0.7219389389196246,11148.10943187237,0.7851888811694845,Osmancik
15758.778522705865,393.2237887551451,197.84253232053248,112.21033695525352,0.8803482743296885,13040.691751882261,0.7202168664334431,Cammeo
12153.590343316926,407.0430961538594,133.26605917368886,88.1168361927359,0.7149399388453772,10600.904791302888,0.7286654518786624,Osmancik
15845.643879759164,527.0574924910113,197.15561240834683,87.4571057683075,0.8313347917585143,12891.038850974513,0.6892819251190312,Cammeo
16263.423081452636,429.0484320358571,199.19160857593855,101.22670315994796,0.8767567628517918,15527.483464867224,0.6739229376799237,Cammeo
15729.527946879338,488.310077418219,206.36965180891403,100.43602446372454,0.8009038469079293,15276.396683729401,0.7032068335611193,Cammeo
10876.267319900244,416.73911060609265,125.79193442253106,79.46119380612964,0.7205187142904806,9502.684745034783,0.7280240334536594,Osmancik
14088.91373650373,439.91783102589557,194.2386992573245,84.97029671604847,0.8817128142015586,14419.394787824158,0.7393289324768348,Cammeo
13588.742580167876,494.7842368042264,221.3256205717109,93.54035820875465,0.8208882724005164,12866.541037436968,0.6179836640209068,Cammeo
